Incident Date,Incident Name,Category,Target Industry,Attack Vector,Attributed Actor Type,Impacted Entities,Financial Cost,APT vs Opportunistic,Source,Source URL,Notes,MITRE ATT&CK ID,Attack Technique,Attack Behavior,Attack Indicator,Artifact,Detection Method,Time to Detect,Detection Coverage,Incident Failure Point,Compliance Status,Contingency/Backup Plan,Disruption Type,Business Impact
2017-06-27,Maersk NotPetya destructive supply chain attack,Physical/Operational Supply Chain,Shipping/Global Logistics,Update mechanism compromise (M.E.Doc accounting software); Wiper/pseudo-ransomware; Credential harvesting + EternalBlue propagation,"Nation-state (Russian GRU / Sandworm, per US, UK and EU attributions)","A.P. Moller-Maersk (76 port terminals, 800 vessels); Merck, FedEx/TNT, Mondelez, Saint-Gobain and hundreds of other firms",$250-300M impact to Maersk; ~$10B global damage estimate,APT,Wired / Maersk public statements / UK NCSC attribution,https://www.wired.com/story/notpetya-cyberattack-ukraine-russia-code-crashed-the-world/,PRE-2020 INCIDENT (2017) - included at user request as the canonical physical/logistics supply chain catastrophe; predates the 2020-2026 window of the rest of the dataset,T1195.002 + T1486 + T1561.002 + T1210 + T1003.001,Supply Chain Compromise: Compromise Software Supply Chain; Data Encrypted for Impact; Disk Structure Wipe; Exploitation of Remote Services; OS Credential Dumping: LSASS Memory,"Sandworm backdoored the update server of Ukrainian M.E.Doc tax software and pushed NotPetya, which harvested credentials from memory and spread via PsExec/WMI and the EternalBlue/EternalRomance SMB exploits, then overwrote the master boot record - encryption was irreversible by design.",M.E.Doc update package delivering perfc.dat; mass LSASS access and PsExec/WMI execution; SMB exploitation traffic on 445/TCP; simultaneous fleet-wide reboots showing a fake CHKDSK screen and MBR ransom note,NotPetya (ExPetr/Nyetya) wiper; EternalBlue/EternalRomance exploits; Mimikatz-derived credential stealer; PsExec,Immediate self-evident detection - screens across offices and terminals went dark within minutes as machines encrypted and rebooted,Minutes (destruction was instantaneous); root-cause tracing to M.E.Doc took days,No,Third-party software update integrity plus unpatched SMB and flat network trust; no offline/immutable domain-controller backups,Insurance dispute over 'act of war' exclusions (NotPetya cyber-insurance litigation); state attribution by US/UK/EU governments; breach notifications by multiple affected multinationals,"No usable offline backups of Active Directory; recovery depended on a single surviving domain-controller backup found in Ghana; 45,000 PCs and 4,000 servers rebuilt from scratch",Operational shutdown,"Maersk's global booking and terminal-operating systems were destroyed, halting container gates at 76 ports and forcing ten days of manual operations, with roughly $250-300M in losses and cascading delays across world trade."
2020-01-01,Trojanized Free Download Manager (Linux),Software Supply Chain,Consumer Software,Publishing infrastructure compromise; Malicious package,Unknown / Not attributed,"Linux users worldwide; victims in Brazil, China, Saudi Arabia, Russia",Not available,Other/Unknown,CNCF TAG Security Catalog,https://securelist.com/backdoored-free-download-manager-linux-malware/110465/,Trojanized FDM from counterfeit Debian repository; active 2020-2022,T1195.002 + T1195.001,Supply Chain Compromise: Compromise Software Supply Chain; Supply Chain Compromise: Compromise Software Dependencies and Development Tools,"Attacker leveraged publishing infrastructure compromise; malicious package against Trojanized Free Download Manager (Linux) to insert or execute unauthorized code in the victim's software supply chain; actor profile: Unknown / Not attributed. Mapped to T1195.002, T1195.001 based on the reported vector.",newly published or renamed package versions with install-time scripts; outbound connections from build/CI hosts; signed artifact whose hash does not match reviewed source; unexpected release outside normal cadence,"Malicious registry package with install-time script (payload varies: infostealer, backdoor, cryptominer)",Third-party security research,Unknown,Unknown,Distribution/publishing infrastructure integrity; Package registry verification,Not reported,Unknown,Backdoor/unauthorized access,"Backdoor/unauthorized access affecting Linux users worldwide; victims in Brazil, China, Saudi Arabia, Russia; no public financial figure. Downstream effect flowed through the compromised component to dependent organizations and users."
2020-01-01,Unimax mobile devices pre-installed malware,Software Supply Chain,Telecommunications/Mobile Devices,Firmware implant,Unknown / Not attributed,Customers via US Government Lifeline Assistance Program; UMX phone users,Not available,Opportunistic,ENISA Threat Landscape for Supply Chain Attacks,https://www.enisa.europa.eu/publications/threat-landscape-for-supply-chain-attacks,Pre-installed unremovable malware on low-cost mobile devices,T1195.003,Supply Chain Compromise: Compromise Hardware Supply Chain,Attacker leveraged firmware implant against Unimax mobile devices pre-installed malware to insert or execute unauthorized code in the victim's software supply chain; actor profile: Unknown / Not attributed. Mapped to T1195.003 based on the reported vector.,unexpected pre-installed applications or persistent system components on shipped devices,Pre-installed firmware/OS-level implant,Third-party security research,Unknown,Unknown,Hardware/firmware provenance verification,Not reported,Unknown,Backdoor/unauthorized access,Backdoor/unauthorized access affecting Customers via US Government Lifeline Assistance Program; UMX phone users; no public financial figure. Downstream effect flowed through the compromised component to dependent organizations and users.
2020-01-09,Android Handsets (1/9/2020),Software Supply Chain,Mobile/Consumer Software,Firmware implant,Unknown / Not attributed,Android Handsets,Not available,Other/Unknown,Atlantic Council Breaking Trust,https://blog.malwarebytes.com/android/2020/01/united-states-government-funded-phones-come-pre-installed-with-unremovable-malware/; https://blog.malwarebytes.com/android/2020/07/we-found-yet-another-phone-with-pre-installed-malware-via-the-lifeline-assistance-program/; https://www.upstreamsystems.com/well-known-malware-committing-click-ad-fraud-low-end-devices-emerging-markets-uncovered-secure-d/,IQT/Breaking Trust dataset,T1195.003,Supply Chain Compromise: Compromise Hardware Supply Chain,Attacker leveraged firmware implant against Android Handsets (1/9/2020) to insert or execute unauthorized code in the victim's software supply chain; actor profile: Unknown / Not attributed. Mapped to T1195.003 based on the reported vector.,unexpected pre-installed applications or persistent system components on shipped devices,Pre-installed firmware/OS-level implant,Third-party security research,Unknown,Unknown,Hardware/firmware provenance verification,Not reported,Unknown,Backdoor/unauthorized access,Backdoor/unauthorized access affecting Android Handsets; no public financial figure. Downstream effect flowed through the compromised component to dependent organizations and users.
2020-02-04,"npm, PyPi, RubyGems.org (2/4/2020)",Software Supply Chain,Open Source/Package Registry,Malicious package,Unknown / Not attributed,"npm, PyPi, RubyGems.org; 0 packages/instances affected",Not available,Other/Unknown,Atlantic Council Breaking Trust,https://arxiv.org/pdf/2002.01139.pdf,"IQT/Breaking Trust dataset. To be conservative, it is assumed that all of the identified packages have been reported elsewhere.",T1195.001,Supply Chain Compromise: Compromise Software Dependencies and Development Tools,"Attacker leveraged malicious package against npm, PyPi, RubyGems.org (2/4/2020) to insert or execute unauthorized code in the victim's software supply chain; actor profile: Unknown / Not attributed. Mapped to T1195.001 based on the reported vector.",newly published or renamed package versions with install-time scripts; outbound connections from build/CI hosts,"Malicious registry package with install-time script (payload varies: infostealer, backdoor, cryptominer)",Third-party security research,Unknown,Unknown,Package registry verification,Not reported,Unknown,Malicious code injection,"Malicious code injection affecting npm, PyPi, RubyGems.org; 0 packages/instances affected; no public financial figure. Downstream effect flowed through the compromised component to dependent organizations and users."
2020-02-27,RubyGems.org (2/27/2020),Software Supply Chain,Open Source/Package Registry,Malicious package,Unknown / Not attributed,RubyGems.org,Not available,Other/Unknown,Atlantic Council Breaking Trust,https://github.com/rubygems/rubygems.org/wiki/Gems-yanked-and-accounts-locked#27-february-2020,IQT/Breaking Trust dataset,T1195.001,Supply Chain Compromise: Compromise Software Dependencies and Development Tools,Attacker leveraged malicious package against RubyGems.org (2/27/2020) to insert or execute unauthorized code in the victim's software supply chain; actor profile: Unknown / Not attributed. Mapped to T1195.001 based on the reported vector.,newly published or renamed package versions with install-time scripts; outbound connections from build/CI hosts,"Malicious registry package with install-time script (payload varies: infostealer, backdoor, cryptominer)",Third-party security research,Unknown,Unknown,Package registry verification,Not reported,Unknown,Malicious code injection,Malicious code injection affecting RubyGems.org; no public financial figure. Downstream effect flowed through the compromised component to dependent organizations and users.
2020-03-09,Octopus Scanner Malware (GitHub repositories),Software Supply Chain,Open Source/Developer Tools,Dev tooling compromise; Malicious package,Unknown / Not attributed,GitHub; 26 open source projects affected; unknown number of developers,Not available,Other/Unknown,CNCF TAG Security Catalog,https://securitylab.github.com/research/octopus-scanner-malware-open-source-supply-chain,Malware designed to enumerate and backdoor NetBeans projects via build process,T1195.001,Supply Chain Compromise: Compromise Software Dependencies and Development Tools,Attacker leveraged dev tooling compromise; malicious package against Octopus Scanner Malware (GitHub repositories) to insert or execute unauthorized code in the victim's software supply chain; actor profile: Unknown / Not attributed. Mapped to T1195.001 based on the reported vector.,newly published or renamed package versions with install-time scripts; outbound connections from build/CI hosts,"Malicious registry package with install-time script (payload varies: infostealer, backdoor, cryptominer)",Third-party security research,Unknown,Unknown,Package registry verification; Developer tooling trust boundary,Not reported,Unknown,Backdoor/unauthorized access,Backdoor/unauthorized access affecting GitHub; 26 open source projects affected; unknown number of developers; no public financial figure. Downstream effect flowed through the compromised component to dependent organizations and users.
2020-04-16,RubyGems.org (4/16/2020),Software Supply Chain,Open Source/Package Registry,Typosquatting,Unknown / Not attributed,RubyGems.org; 725 packages/instances affected,Not available,Other/Unknown,Atlantic Council Breaking Trust,https://blog.reversinglabs.com/blog/mining-for-malicious-ruby-gems,IQT/Breaking Trust dataset,T1195.001,Supply Chain Compromise: Compromise Software Dependencies and Development Tools,Attacker leveraged typosquatting against RubyGems.org (4/16/2020) to insert or execute unauthorized code in the victim's software supply chain; actor profile: Unknown / Not attributed. Mapped to T1195.001 based on the reported vector.,newly published or renamed package versions with install-time scripts; outbound connections from build/CI hosts,"Malicious registry package with install-time script (payload varies: infostealer, backdoor, cryptominer)",Third-party security research,Unknown,Unknown,Package registry verification,Not reported,Unknown,Malicious code injection,Malicious code injection affecting RubyGems.org; 725 packages/instances affected; no public financial figure. Downstream effect flowed through the compromised component to dependent organizations and users.
2020-04-19,RubyGems.org (4/19/2020),Software Supply Chain,Open Source/Package Registry,Typosquatting,Unknown / Not attributed,RubyGems.org,Not available,Other/Unknown,Atlantic Council Breaking Trust,https://github.com/rubygems/rubygems.org/issues/1959,IQT/Breaking Trust dataset,T1195.001,Supply Chain Compromise: Compromise Software Dependencies and Development Tools,Attacker leveraged typosquatting against RubyGems.org (4/19/2020) to insert or execute unauthorized code in the victim's software supply chain; actor profile: Unknown / Not attributed. Mapped to T1195.001 based on the reported vector.,newly published or renamed package versions with install-time scripts; outbound connections from build/CI hosts,"Malicious registry package with install-time script (payload varies: infostealer, backdoor, cryptominer)",Third-party security research,Unknown,Unknown,Package registry verification,Not reported,Unknown,Malicious code injection,Malicious code injection affecting RubyGems.org; no public financial figure. Downstream effect flowed through the compromised component to dependent organizations and users.
2020-05-01,Apache NetBeans projects with malware,Software Supply Chain,Development Platform/Open Source,Malicious package; Code injection,Unknown / Not attributed,NetBeans project users; GitHub users; RAT malware infections,Not available,Other/Unknown,ENISA Threat Landscape for Supply Chain Attacks,https://www.enisa.europa.eu/publications/threat-landscape-for-supply-chain-attacks,NetBeans projects on GitHub contained malware; self-propagating,T1195.001 + T1059,Supply Chain Compromise: Compromise Software Dependencies and Development Tools; Command and Scripting Interpreter,"Attacker leveraged malicious package; code injection against Apache NetBeans projects with malware to insert or execute unauthorized code in the victim's software supply chain; actor profile: Unknown / Not attributed. Mapped to T1195.001, T1059 based on the reported vector.",newly published or renamed package versions with install-time scripts; outbound connections from build/CI hosts; exploit attempts in application logs; unexpected web shells or child processes,"Malicious registry package with install-time script (payload varies: infostealer, backdoor, cryptominer)",Third-party security research,Unknown,Unknown,Package registry verification; Code review and artifact integrity,Not reported,Unknown,Malicious code injection,Malicious code injection affecting NetBeans project users; GitHub users; RAT malware infections; no public financial figure. Downstream effect flowed through the compromised component to dependent organizations and users.
2020-05-20,PyPI (10/16/2020),Software Supply Chain,Open Source/Package Registry,Typosquatting,Unknown / Not attributed,PyPI,Not available,Other/Unknown,Atlantic Council Breaking Trust,https://www.iqt.org/pypi-scan/,IQT/Breaking Trust dataset,T1195.001,Supply Chain Compromise: Compromise Software Dependencies and Development Tools,Attacker leveraged typosquatting against PyPI (10/16/2020) to insert or execute unauthorized code in the victim's software supply chain; actor profile: Unknown / Not attributed. Mapped to T1195.001 based on the reported vector.,newly published or renamed package versions with install-time scripts; outbound connections from build/CI hosts,"Malicious registry package with install-time script (payload varies: infostealer, backdoor, cryptominer)",Third-party security research,Unknown,Unknown,Package registry verification,Not reported,Unknown,Malicious code injection,Malicious code injection affecting PyPI; no public financial figure. Downstream effect flowed through the compromised component to dependent organizations and users.
2020-05-28,Github (5/28/2020),Software Supply Chain,Technology/Software,Build system compromise,Unknown / Not attributed,Github,Not available,Other/Unknown,Atlantic Council Breaking Trust,https://securitylab.github.com/research/octopus-scanner-malware-open-source-supply-chain,IQT/Breaking Trust dataset. The malware's end goal was to install a remote access trojan and grant hackers access to highly sensitive workstations were sensitive projects were being developed.,T1195.002,Supply Chain Compromise: Compromise Software Supply Chain,Attacker leveraged build system compromise against Github (5/28/2020) to insert or execute unauthorized code in the victim's software supply chain; actor profile: Unknown / Not attributed. Mapped to T1195.002 based on the reported vector.,signed artifact whose hash does not match reviewed source; unexpected release outside normal cadence,Trojanized legitimate installer/update package,Third-party security research,Unknown,Unknown,Build system integrity,Not reported,Unknown,Backdoor/unauthorized access,Backdoor/unauthorized access affecting Github; no public financial figure. Downstream effect flowed through the compromised component to dependent organizations and users.
2020-06-01,Able Desktop chat software compromise,Software Supply Chain,Government/Business Software,Delivery system compromise; Update mechanism compromise; Code injection,APT (TA428),Able; customers with infected devices,Not available,APT,ENISA Threat Landscape for Supply Chain Attacks,https://www.enisa.europa.eu/publications/threat-landscape-for-supply-chain-attacks,Backend compromised; malware added to Able Desktop update,T1195.002 + T1059,Supply Chain Compromise: Compromise Software Supply Chain; Command and Scripting Interpreter,"Attacker leveraged delivery system compromise; update mechanism compromise; code injection against Able Desktop chat software compromise to insert or execute unauthorized code in the victim's software supply chain; actor profile: APT (TA428). Mapped to T1195.002, T1059 based on the reported vector.",signed artifact whose hash does not match reviewed source; unexpected release outside normal cadence; exploit attempts in application logs; unexpected web shells or child processes,Trojanized legitimate installer/update package,Internal monitoring,Unknown,Unknown,Update channel integrity; Software delivery channel integrity; Code review and artifact integrity,Government incident reporting/advisory (CISA or national CERT),Unknown,Malicious code injection,Malicious code injection affecting Able; customers with infected devices; no public financial figure. Downstream effect flowed through the compromised component to dependent organizations and users.
2020-06-01,Aisino intelligent tax software suite,Software Supply Chain,Tax/Government Software,Unknown (software compromised),Unknown / Not attributed,Aisino Credit Information Company; businesses in China,Not available,Other/Unknown,ENISA Threat Landscape for Supply Chain Attacks,https://www.enisa.europa.eu/publications/threat-landscape-for-supply-chain-attacks,Tax software suite found to include malware; method of compromise unknown,T1195,Supply Chain Compromise,Attacker leveraged unknown (software compromised) against Aisino intelligent tax software suite to insert or execute unauthorized code in the victim's software supply chain; actor profile: Unknown / Not attributed. Mapped to T1195 based on the reported vector.,anomalous change to a trusted third-party component; unexpected outbound network activity,Not publicly detailed,Internal monitoring,Unknown,Unknown,Third-party trust chain validation,Government incident reporting/advisory (CISA or national CERT),Unknown,Service disruption,Service disruption affecting Aisino Credit Information Company; businesses in China; no public financial figure. Downstream effect flowed through the compromised component to dependent organizations and users.
2020-06-08,Honda Snake/EKANS ransomware production halt,Physical/Operational Supply Chain,Automotive Manufacturing,Ransomware (ICS-aware); Internet-exposed remote access,Cybercriminal / Unknown operator (Snake/EKANS),"Honda global IT network; plants in Ohio, Turkey, India, Brazil; customer service and financial services systems",Not disclosed (multi-day production loss across several plants),Opportunistic,BBC / Dragos EKANS analysis,https://www.bbc.com/news/technology-52982427,"Snake/EKANS samples referenced Honda-specific internal hostnames, indicating targeted deployment against OT-adjacent IT",T1486 + T1489 + T1133,Data Encrypted for Impact; Service Stop; External Remote Services,"Operators deployed Snake/EKANS ransomware configured with Honda-specific internal domain references; the malware killed industrial and database processes before encrypting files, disrupting the IT systems that feed manufacturing operations.",EKANS sample containing internal Honda hostname/domain check; mass termination of ICS-related and database services; unreachable internal servers; halted production-line scheduling,Snake/EKANS ransomware,Internal detection via production and network failures (plants unable to reach internal systems),Unknown pre-encryption dwell; impact detected within hours of encryption,Partial,IT/OT segmentation - manufacturing-dependent IT services reachable from a compromised enterprise network,Not reported (public statements only; no regulatory action disclosed),"Manual fallback and staged restoration used; most plants resumed within days, one US plant remained down longer",Operational shutdown,"Vehicle and motorcycle production was suspended at multiple international plants and customer service/financial services systems were taken offline, with most sites restarting within one to several days."
2020-06-18,Chrome Web Store (6/18/2020),Software Supply Chain,Mobile/Consumer Software,Malicious package,Unknown / Not attributed,Chrome Web Store; 111 packages/instances affected,Not available,Other/Unknown,Atlantic Council Breaking Trust,https://awakesecurity.com/blog/the-internets-new-arms-dealers-malicious-domain-registrars/; https://github.com/greatsuspender/thegreatsuspender/issues/1263,IQT/Breaking Trust dataset,T1195.001,Supply Chain Compromise: Compromise Software Dependencies and Development Tools,Attacker leveraged malicious package against Chrome Web Store (6/18/2020) to insert or execute unauthorized code in the victim's software supply chain; actor profile: Unknown / Not attributed. Mapped to T1195.001 based on the reported vector.,newly published or renamed package versions with install-time scripts; outbound connections from build/CI hosts,"Malicious registry package with install-time script (payload varies: infostealer, backdoor, cryptominer)",Third-party security research,Unknown,Unknown,Package registry verification,Not reported,Unknown,Malicious code injection,Malicious code injection affecting Chrome Web Store; 111 packages/instances affected; no public financial figure. Downstream effect flowed through the compromised component to dependent organizations and users.
2020-06-25,Golden Tax (6/25/2020),Software Supply Chain,Technology/Software,Delivery system compromise,Unknown / Not attributed,Golden Tax,Not available,Other/Unknown,Atlantic Council Breaking Trust,https://www.trustwave.com/en-us/resources/blogs/spiderlabs-blog/the-golden-tax-department-and-the-emergence-of-goldenspy-malware/,IQT/Breaking Trust dataset,T1195.002,Supply Chain Compromise: Compromise Software Supply Chain,Attacker leveraged delivery system compromise against Golden Tax (6/25/2020) to insert or execute unauthorized code in the victim's software supply chain; actor profile: Unknown / Not attributed. Mapped to T1195.002 based on the reported vector.,anomalous change to a trusted third-party component; unexpected outbound network activity,Not publicly detailed,Internal monitoring,Unknown,Unknown,Software delivery channel integrity,Not reported,Unknown,Service disruption,Service disruption affecting Golden Tax; no public financial figure. Downstream effect flowed through the compromised component to dependent organizations and users.
2020-07-01,Ledger hardware wallet data breach,Software Supply Chain,Cryptocurrency/Hardware,Credential compromise; Data exfiltration,Unknown / Not attributed,Ledger; users; customers whose data was leaked; phishing/extortion victims,Not available,Opportunistic,ENISA Threat Landscape for Supply Chain Attacks,https://www.enisa.europa.eu/publications/threat-landscape-for-supply-chain-attacks,E-commerce database credentials stolen; data published online; phishing and extortion,T1078 + T1552 + T1567,Valid Accounts; Unsecured Credentials; Exfiltration Over Web Service,"Attacker leveraged credential compromise; data exfiltration against Ledger hardware wallet data breach to insert or execute unauthorized code in the victim's software supply chain; actor profile: Unknown / Not attributed. Mapped to T1078, T1552, T1567 based on the reported vector.",logins/publishes from unfamiliar IPs or geographies; new API tokens or app credentials,Not publicly detailed,Unknown,Unknown,Unknown,Credential management; Data loss prevention and egress monitoring,Financial regulator notification likely required,Unknown,Credential theft,Credential theft affecting Ledger; users; customers whose data was leaked; phishing/extortion victims; no public financial figure. Downstream effect flowed through the compromised component to dependent organizations and users.
2020-07-07,CDATA OLT (7/7/2020),Software Supply Chain,Technology/Software,Firmware implant,Unknown / Not attributed,CDATA OLT,Not available,Other/Unknown,Atlantic Council Breaking Trust,https://pierrekim.github.io/blog/2020-07-07-cdata-olt-0day-vulnerabilities.html,IQT/Breaking Trust dataset,T1195.003,Supply Chain Compromise: Compromise Hardware Supply Chain,Attacker leveraged firmware implant against CDATA OLT (7/7/2020) to insert or execute unauthorized code in the victim's software supply chain; actor profile: Unknown / Not attributed. Mapped to T1195.003 based on the reported vector.,unexpected pre-installed applications or persistent system components on shipped devices,Pre-installed firmware/OS-level implant,Third-party security research,Unknown,Unknown,Hardware/firmware provenance verification,Not reported,Unknown,Backdoor/unauthorized access,Backdoor/unauthorized access affecting CDATA OLT; no public financial figure. Downstream effect flowed through the compromised component to dependent organizations and users.
2020-07-09,Google Play Store (7/9/2020),Software Supply Chain,Mobile/Consumer Software,Malicious package,Unknown / Not attributed,Google Play Store; 11 packages/instances affected,Not available,Other/Unknown,Atlantic Council Breaking Trust,https://research.checkpoint.com/2020/new-joker-variant-hits-google-play-with-an-old-trick/; https://www.zdnet.com/article/google-removes-17-android-apps-doing-wap-billing-fraud-from-the-play-store/,IQT/Breaking Trust dataset,T1195.001,Supply Chain Compromise: Compromise Software Dependencies and Development Tools,Attacker leveraged malicious package against Google Play Store (7/9/2020) to insert or execute unauthorized code in the victim's software supply chain; actor profile: Unknown / Not attributed. Mapped to T1195.001 based on the reported vector.,newly published or renamed package versions with install-time scripts; outbound connections from build/CI hosts,"Malicious registry package with install-time script (payload varies: infostealer, backdoor, cryptominer)",Third-party security research,Unknown,Unknown,Package registry verification,Not reported,Unknown,Malicious code injection,Malicious code injection affecting Google Play Store; 11 packages/instances affected; no public financial figure. Downstream effect flowed through the compromised component to dependent organizations and users.
2020-07-23,Garmin WastedLocker ransomware (Evil Corp),Physical/Operational Supply Chain,Consumer Electronics/Aviation Navigation Services,Credential compromise; Lateral movement; Ransomware,"Cybercriminal (Evil Corp / INDRIK SPIDER, OFAC-sanctioned)",Garmin Connect users worldwide; flyGarmin/Garmin Pilot aviation database services; call centers; production lines,Reported ~$10M ransom paid (unconfirmed by Garmin),Opportunistic,BleepingComputer / Sky News reporting; CrowdStrike Evil Corp research,https://www.bleepingcomputer.com/news/security/garmin-outage-caused-by-confirmed-wastedlocker-ransomware-attack/,Multi-day global outage of Garmin Connect; OFAC sanctions on Evil Corp created legal exposure around the payment,T1486 + T1059.001 + T1003 + T1189,Data Encrypted for Impact; Command and Scripting Interpreter: PowerShell; OS Credential Dumping; Drive-by Compromise,"Evil Corp gained a foothold via a fake-update/drive-by chain (SocGholish-style), used Cobalt Strike and PowerShell for lateral movement and Mimikatz-style credential dumping, disabled security tooling, then detonated WastedLocker across servers and workstations.",'.garminwasted' encrypted-file extension and matching ransom notes; Cobalt Strike beacons; PsExec/PowerShell mass execution; abrupt failure of Garmin Connect sync APIs,WastedLocker ransomware; Cobalt Strike; Mimikatz; PsExec,Internal monitoring plus customer-facing service failure (global Garmin Connect outage and support-line collapse),~1 month of pre-encryption dwell time; encryption itself detected same day,No,Endpoint and lateral-movement controls - flat internal network with insufficient privileged-credential segmentation,OFAC sanctions exposure for paying an Evil Corp-linked actor; FAA-regulated aviation database service disruption reported,Backups insufficient for rapid restoration at scale; a decryptor was reportedly obtained via a ~$10M payment brokered through a third party,Operational shutdown,"Garmin Connect, flyGarmin, Garmin Pilot, call centers and some Taiwan production lines were down for several days, blocking pilot navigation-database updates and consumer fitness sync worldwide."
2020-07-31,PyPI (8/4/2020),Software Supply Chain,Open Source/Package Registry,Typosquatting,Unknown / Not attributed,PyPI,Not available,Other/Unknown,Atlantic Council Breaking Trust,https://medium.com/@vuducly151092/analyzing-the-python-typosquatting-malicious-request-package-e80aeda925b0,IQT/Breaking Trust dataset,T1195.001,Supply Chain Compromise: Compromise Software Dependencies and Development Tools,Attacker leveraged typosquatting against PyPI (8/4/2020) to insert or execute unauthorized code in the victim's software supply chain; actor profile: Unknown / Not attributed. Mapped to T1195.001 based on the reported vector.,newly published or renamed package versions with install-time scripts; outbound connections from build/CI hosts,"Malicious registry package with install-time script (payload varies: infostealer, backdoor, cryptominer)",Third-party security research,Unknown,Unknown,Package registry verification,Not reported,Unknown,Malicious code injection,Malicious code injection affecting PyPI; no public financial figure. Downstream effect flowed through the compromised component to dependent organizations and users.
2020-08-01,"JFrog Artifactory, pip, npm, gem (2/9/2021)",Software Supply Chain,Open Source/Package Registry,Build system compromise; Typosquatting,Unknown / Not attributed,"JFrog Artifactory, pip, npm, gem; 35 packages/instances affected",Not available,Other/Unknown,Atlantic Council Breaking Trust,https://medium.com/@alex.birsan/dependency-confusion-4a5d60fec610,IQT/Breaking Trust dataset,T1195.002 + T1195.001,Supply Chain Compromise: Compromise Software Supply Chain; Supply Chain Compromise: Compromise Software Dependencies and Development Tools,"Attacker leveraged build system compromise; typosquatting against JFrog Artifactory, pip, npm, gem (2/9/2021) to insert or execute unauthorized code in the victim's software supply chain; actor profile: Unknown / Not attributed. Mapped to T1195.002, T1195.001 based on the reported vector.",newly published or renamed package versions with install-time scripts; outbound connections from build/CI hosts; signed artifact whose hash does not match reviewed source; unexpected release outside normal cadence,"Malicious registry package with install-time script (payload varies: infostealer, backdoor, cryptominer)",Third-party security research,Unknown,Unknown,Build system integrity; Package registry verification,Not reported,Unknown,Malicious code injection,"Malicious code injection affecting JFrog Artifactory, pip, npm, gem; 35 packages/instances affected; no public financial figure. Downstream effect flowed through the compromised component to dependent organizations and users."
2020-08-17,npm (9/30/2020),Software Supply Chain,Open Source/Package Registry,Typosquatting,Unknown / Not attributed,npm; 4 packages/instances affected,Not available,Other/Unknown,Atlantic Council Breaking Trust,https://blog.sonatype.com/sonatype-spots-malicious-npm-packages,IQT/Breaking Trust dataset,T1195.001,Supply Chain Compromise: Compromise Software Dependencies and Development Tools,Attacker leveraged typosquatting against npm (9/30/2020) to insert or execute unauthorized code in the victim's software supply chain; actor profile: Unknown / Not attributed. Mapped to T1195.001 based on the reported vector.,newly published or renamed package versions with install-time scripts; outbound connections from build/CI hosts,"Malicious registry package with install-time script (payload varies: infostealer, backdoor, cryptominer)",Third-party security research,Unknown,Unknown,Package registry verification,Not reported,Unknown,Malicious code injection,Malicious code injection affecting npm; 4 packages/instances affected; no public financial figure. Downstream effect flowed through the compromised component to dependent organizations and users.
2020-08-18,npm (8/25/2020),Software Supply Chain,Open Source/Package Registry,Malicious package,Unknown / Not attributed,npm,Not available,Other/Unknown,Atlantic Council Breaking Trust,https://www.npmjs.com/advisories/1552,IQT/Breaking Trust dataset,T1195.001,Supply Chain Compromise: Compromise Software Dependencies and Development Tools,Attacker leveraged malicious package against npm (8/25/2020) to insert or execute unauthorized code in the victim's software supply chain; actor profile: Unknown / Not attributed. Mapped to T1195.001 based on the reported vector.,newly published or renamed package versions with install-time scripts; outbound connections from build/CI hosts,"Malicious registry package with install-time script (payload varies: infostealer, backdoor, cryptominer)",Third-party security research,Unknown,Unknown,Package registry verification,Not reported,Unknown,Malicious code injection,Malicious code injection affecting npm; no public financial figure. Downstream effect flowed through the compromised component to dependent organizations and users.
2020-10-01,The Great Suspender Chrome extension,Software Supply Chain,Browser Extensions/Consumer Software,Malicious maintainer; Code injection,Unknown / Not attributed,2 million+ Chrome extension users,Not available,Opportunistic,CNCF TAG Security Catalog,https://github.com/greatsuspender/thegreatsuspender/issues/1263,Extension sold to unknown entity who injected tracking/malicious code,T1195.001 + T1059,Supply Chain Compromise: Compromise Software Dependencies and Development Tools; Command and Scripting Interpreter,"Attacker leveraged malicious maintainer; code injection against The Great Suspender Chrome extension to insert or execute unauthorized code in the victim's software supply chain; actor profile: Unknown / Not attributed. Mapped to T1195.001, T1059 based on the reported vector.",exploit attempts in application logs; unexpected web shells or child processes,Not publicly detailed,Third-party security research,Unknown,Unknown,Maintainer trust and release review; Code review and artifact integrity,Not reported,Unknown,Malicious code injection,Malicious code injection affecting 2 million+ Chrome extension users; no public financial figure. Downstream effect flowed through the compromised component to dependent organizations and users.
2020-10-15,npm (1/20/2021),Software Supply Chain,Open Source/Package Registry,Typosquatting,Unknown / Not attributed,npm; 3 packages/instances affected,Not available,Other/Unknown,Atlantic Council Breaking Trust,https://blog.sonatype.com/sonatype-spots-more-discord-malware-in-npm?hs_preview=BbDPGbfh-40737456755:,IQT/Breaking Trust dataset,T1195.001,Supply Chain Compromise: Compromise Software Dependencies and Development Tools,Attacker leveraged typosquatting against npm (1/20/2021) to insert or execute unauthorized code in the victim's software supply chain; actor profile: Unknown / Not attributed. Mapped to T1195.001 based on the reported vector.,newly published or renamed package versions with install-time scripts; outbound connections from build/CI hosts,"Malicious registry package with install-time script (payload varies: infostealer, backdoor, cryptominer)",Third-party security research,Unknown,Unknown,Package registry verification,Not reported,Unknown,Malicious code injection,Malicious code injection affecting npm; 3 packages/instances affected; no public financial figure. Downstream effect flowed through the compromised component to dependent organizations and users.
2020-10-21,"NPM malicious packages (plutov-slack-client, nodetest199, etc.)",Software Supply Chain,Open Source/Package Registry,Malicious package,Unknown / Not attributed,"NPM; 4 malicious packages; 1,000+ downloads",Not available,Other/Unknown,CNCF TAG Security Catalog,https://securitylab.github.com/research/octopus-scanner-malware-open-source-supply-chain,Malicious NPM packages with reverse-shell and data mining functionality,T1195.001,Supply Chain Compromise: Compromise Software Dependencies and Development Tools,"Attacker leveraged malicious package against NPM malicious packages (plutov-slack-client, nodetest199, etc.) to insert or execute unauthorized code in the victim's software supply chain; actor profile: Unknown / Not attributed. Mapped to T1195.001 based on the reported vector.",newly published or renamed package versions with install-time scripts; outbound connections from build/CI hosts,"Malicious registry package with install-time script (payload varies: infostealer, backdoor, cryptominer)",Third-party security research,Unknown,Unknown,Package registry verification,Not reported,Unknown,Malicious code injection,"Malicious code injection affecting NPM; 4 malicious packages; 1,000+ downloads; no public financial figure. Downstream effect flowed through the compromised component to dependent organizations and users."
2020-10-25,npm (2/3/2021),Software Supply Chain,Open Source/Package Registry,Typosquatting,Unknown / Not attributed,npm,Not available,Other/Unknown,Atlantic Council Breaking Trust,https://www.npmjs.com/advisories/1599; https://www.npmjs.com/advisories/1600,IQT/Breaking Trust dataset,T1195.001,Supply Chain Compromise: Compromise Software Dependencies and Development Tools,Attacker leveraged typosquatting against npm (2/3/2021) to insert or execute unauthorized code in the victim's software supply chain; actor profile: Unknown / Not attributed. Mapped to T1195.001 based on the reported vector.,newly published or renamed package versions with install-time scripts; outbound connections from build/CI hosts,"Malicious registry package with install-time script (payload varies: infostealer, backdoor, cryptominer)",Third-party security research,Unknown,Unknown,Package registry verification,Not reported,Unknown,Malicious code injection,Malicious code injection affecting npm; no public financial figure. Downstream effect flowed through the compromised component to dependent organizations and users.
2020-11-01,Wizvera VeraPort malware delivery,Software Supply Chain,Identity Verification/Certificate Authority,Publishing infrastructure compromise; Code injection,APT (Lazarus Group),Wizvera; South Korean users; citizens and businesses,Not available,APT,ENISA Threat Landscape for Supply Chain Attacks,https://www.enisa.europa.eu/publications/threat-landscape-for-supply-chain-attacks,Legitimate website compromised; VeraPort config replaced to deliver malware; digitally signed,T1195.002 + T1059,Supply Chain Compromise: Compromise Software Supply Chain; Command and Scripting Interpreter,"Attacker leveraged publishing infrastructure compromise; code injection against Wizvera VeraPort malware delivery to insert or execute unauthorized code in the victim's software supply chain; actor profile: APT (Lazarus Group). Mapped to T1195.002, T1059 based on the reported vector.",signed artifact whose hash does not match reviewed source; unexpected release outside normal cadence; exploit attempts in application logs; unexpected web shells or child processes,Trojanized legitimate installer/update package,Unknown,Unknown,Unknown,Distribution/publishing infrastructure integrity; Code review and artifact integrity,Not reported,Unknown,Malicious code injection,Malicious code injection affecting Wizvera; South Korean users; citizens and businesses; no public financial figure. Downstream effect flowed through the compromised component to dependent organizations and users.
2020-11-03,SonarQube misconfiguration source code theft,Software Supply Chain,Government/Technology,Credential compromise; Misconfigured service,Unknown / Not attributed,US government agencies; private businesses; source code stolen,Not available,Other/Unknown,CNCF TAG Security Catalog,https://www.zdnet.com/article/fbi-hackers-stole-source-code-from-us-government-agencies-and-private-companies/,FBI alert about threat actors abusing misconfigured SonarQube instances,T1078 + T1552 + T1190,Valid Accounts; Unsecured Credentials; Exploit Public-Facing Application,"Attacker leveraged credential compromise; misconfigured service against SonarQube misconfiguration source code theft to insert or execute unauthorized code in the victim's software supply chain; actor profile: Unknown / Not attributed. Mapped to T1078, T1552, T1190 based on the reported vector.",logins/publishes from unfamiliar IPs or geographies; new API tokens or app credentials,Not publicly detailed,Internal monitoring,Unknown,Unknown,Credential management; Configuration management of exposed services,Government incident reporting/advisory (CISA or national CERT),Unknown,Credential theft,Credential theft affecting US government agencies; private businesses; source code stolen; no public financial figure. Downstream effect flowed through the compromised component to dependent organizations and users.
2020-11-09,npm (11/9/2020),Software Supply Chain,Open Source/Package Registry,Account takeover; Malicious package; Typosquatting,Unknown / Not attributed,npm; 4 packages/instances affected,Not available,Other/Unknown,Atlantic Council Breaking Trust,https://blog.sonatype.com/discord.dll-successor-to-npm-fallguys-,IQT/Breaking Trust dataset. The new packages in question were published by the same npm author whose npm account also contains what looks like legitimate packages with genuine use cases.,T1195.001 + T1078,Supply Chain Compromise: Compromise Software Dependencies and Development Tools; Valid Accounts,"Attacker leveraged account takeover; malicious package; typosquatting against npm (11/9/2020) to insert or execute unauthorized code in the victim's software supply chain; actor profile: Unknown / Not attributed. Mapped to T1195.001, T1078 based on the reported vector.",newly published or renamed package versions with install-time scripts; outbound connections from build/CI hosts; logins/publishes from unfamiliar IPs or geographies; new API tokens or app credentials,"Malicious registry package with install-time script (payload varies: infostealer, backdoor, cryptominer)",Third-party security research,Unknown,Unknown,Package registry verification; Credential management / account security,Not reported,Unknown,Malicious code injection,Malicious code injection affecting npm; 4 packages/instances affected; no public financial figure. Downstream effect flowed through the compromised component to dependent organizations and users.
2020-12-01,Accellion FTA zero-day exploitation,Software Supply Chain,File Transfer/Enterprise Software,Vulnerability exploitation; Code injection,Cybercriminal (UNC2546),Accellion; many customer companies; data exfiltrated and extortion attempted,Not available,Opportunistic,ENISA Threat Landscape for Supply Chain Attacks,https://www.enisa.europa.eu/publications/threat-landscape-for-supply-chain-attacks,Multiple zero-day vulnerabilities exploited; webshell deployed; data exfiltration,T1190 + T1059,Exploit Public-Facing Application; Command and Scripting Interpreter,"Attacker leveraged vulnerability exploitation; code injection against Accellion FTA zero-day exploitation to insert or execute unauthorized code in the victim's software supply chain; actor profile: Cybercriminal (UNC2546). Mapped to T1190, T1059 based on the reported vector.",exploit attempts in application logs; unexpected web shells or child processes,Exploit for a public-facing application; follow-on webshell or loader,Internal monitoring,Unknown,Unknown,Vulnerability management on internet-facing systems; Code review and artifact integrity,Not reported,Unknown,Data breach,Data breach affecting Accellion; many customer companies; data exfiltrated and extortion attempted; no public financial figure. Downstream effect flowed through the compromised component to dependent organizations and users.
2020-12-01,Vietnam VGCA certification authority compromise,Software Supply Chain,Certificate Authority/Government,Publishing infrastructure compromise; Code injection,"APT (TA413, TA428)",VGCA; users in Vietnam; citizens and businesses,Not available,APT,ENISA Threat Landscape for Supply Chain Attacks,https://www.enisa.europa.eu/publications/threat-landscape-for-supply-chain-attacks,VGCA website compromised; legitimate binaries replaced with trojanized applications,T1195.002 + T1059,Supply Chain Compromise: Compromise Software Supply Chain; Command and Scripting Interpreter,"Attacker leveraged publishing infrastructure compromise; code injection against Vietnam VGCA certification authority compromise to insert or execute unauthorized code in the victim's software supply chain; actor profile: APT (TA413, TA428). Mapped to T1195.002, T1059 based on the reported vector.",signed artifact whose hash does not match reviewed source; unexpected release outside normal cadence; exploit attempts in application logs; unexpected web shells or child processes,Trojanized legitimate installer/update package,Internal monitoring,Unknown,Unknown,Distribution/publishing infrastructure integrity; Code review and artifact integrity,Government incident reporting/advisory (CISA or national CERT),Unknown,Backdoor/unauthorized access,Backdoor/unauthorized access affecting VGCA; users in Vietnam; citizens and businesses; no public financial figure. Downstream effect flowed through the compromised component to dependent organizations and users.
2020-12-02,npm (7/21/2021),Software Supply Chain,Open Source/Package Registry,Malicious package,Unknown / Not attributed,npm; 2 packages/instances affected,Not available,Other/Unknown,Atlantic Council Breaking Trust,https://blog.secure.software/groundhog-day-npm-package-caught-stealing-browser-passwords,IQT/Breaking Trust dataset. NPM security team removed nodejs_net_server and temptesttempfile packages.,T1195.001,Supply Chain Compromise: Compromise Software Dependencies and Development Tools,Attacker leveraged malicious package against npm (7/21/2021) to insert or execute unauthorized code in the victim's software supply chain; actor profile: Unknown / Not attributed. Mapped to T1195.001 based on the reported vector.,newly published or renamed package versions with install-time scripts; outbound connections from build/CI hosts,"Malicious registry package with install-time script (payload varies: infostealer, backdoor, cryptominer)",Third-party security research,Unknown,Unknown,Package registry verification,Not reported,Unknown,Malicious code injection,Malicious code injection affecting npm; 2 packages/instances affected; no public financial figure. Downstream effect flowed through the compromised component to dependent organizations and users.
2020-12-07,RubyGems.org (12/8/2020),Software Supply Chain,Open Source/Package Registry,Malicious package,Unknown / Not attributed,RubyGems.org,Not available,Other/Unknown,Atlantic Council Breaking Trust,https://github.com/rubygems/rubygems.org/wiki/Gems-yanked-and-accounts-locked#08-dec-2020,IQT/Breaking Trust dataset,T1195.001,Supply Chain Compromise: Compromise Software Dependencies and Development Tools,Attacker leveraged malicious package against RubyGems.org (12/8/2020) to insert or execute unauthorized code in the victim's software supply chain; actor profile: Unknown / Not attributed. Mapped to T1195.001 based on the reported vector.,newly published or renamed package versions with install-time scripts; outbound connections from build/CI hosts,"Malicious registry package with install-time script (payload varies: infostealer, backdoor, cryptominer)",Third-party security research,Unknown,Unknown,Package registry verification,Not reported,Unknown,Malicious code injection,Malicious code injection affecting RubyGems.org; no public financial figure. Downstream effect flowed through the compromised component to dependent organizations and users.
2020-12-13,RubyGems.org (12/14/2020),Software Supply Chain,Open Source/Package Registry,Malicious package,Unknown / Not attributed,RubyGems.org,Not available,Other/Unknown,Atlantic Council Breaking Trust,https://github.com/rubygems/rubygems.org/wiki/Gems-yanked-and-accounts-locked#14-dec-2020,IQT/Breaking Trust dataset,T1195.001,Supply Chain Compromise: Compromise Software Dependencies and Development Tools,Attacker leveraged malicious package against RubyGems.org (12/14/2020) to insert or execute unauthorized code in the victim's software supply chain; actor profile: Unknown / Not attributed. Mapped to T1195.001 based on the reported vector.,newly published or renamed package versions with install-time scripts; outbound connections from build/CI hosts,"Malicious registry package with install-time script (payload varies: infostealer, backdoor, cryptominer)",Third-party security research,Unknown,Unknown,Package registry verification,Not reported,Unknown,Malicious code injection,Malicious code injection affecting RubyGems.org; no public financial figure. Downstream effect flowed through the compromised component to dependent organizations and users.
2020-12-13,SolarWinds Orion (12/13/2020),Software Supply Chain,IT/DevOps Software,Build system compromise; Source code compromise,Unknown / Not attributed,SolarWinds Orion,Not available,Other/Unknown,Atlantic Council Breaking Trust; CNCF TAG Security Catalog; ENISA Threat Landscape for Supply Chain Attacks,https://blog.reversinglabs.com/blog/sunburst-the-next-level-of-stealth; https://www.fireeye.com/blog/threat-research/2020/12/evasive-attacker-leverages-solarwinds-supply-chain-compromises-with-sunburst-backdoor.html; https://www.enisa.europa.eu/publications/threat-landscape-for-supply-chain-attacks,IQT/Breaking Trust dataset,T1195.002 + T1078.004 + T1071.001 + T1554 + T1027 + T1550.001 + T1606.002,Supply Chain Compromise: Compromise Software Supply Chain; Valid Accounts: Cloud Accounts; Application Layer Protocol: Web Protocols; Compromise Host Software Binary; Obfuscated Files or Information; Use Alternate Authentication Material; Forge Web Credentials: SAML Tokens,"APT29/UNC2452 implanted SUNSPOT into the SolarWinds Orion build pipeline so that the SUNBURST backdoor was inserted into legitimately signed Orion updates; from selected victims they escalated to Teardrop/Raindrop loaders, stole AD FS token-signing certificates and forged SAML tokens to reach cloud email.",Signed SolarWinds.Orion.Core.BusinessLayer.dll with anomalous hash; avsvmcloud[.]com DGA subdomain beaconing; jittered 12+ hour first callback delay; anomalous SAML tokens with long lifetimes; new service principals/credentials added to Azure AD applications,SUNBURST (Solorigate) backdoor; SUNSPOT build injector; Teardrop and Raindrop Cobalt Strike loaders; GOLDMAX/SIBOT/GOLDFINDER; SUPERNOVA webshell,Third-party report - FireEye/Mandiant discovered it while investigating its own breach (an anomalous MFA device enrollment) and disclosed publicly,~9 months (build system access from ~September 2019/March 2020 trojanized builds; disclosed December 2020),No,"Build system integrity - no verification that compiled artifacts matched reviewed source, and code-signing applied to a tampered build",SEC disclosure required (SolarWinds 8-K; later SEC enforcement action against the company and its CISO); CISA Emergency Directive 21-01 for federal agencies,"Backups available; victims rebuilt Orion servers and rotated credentials/certificates, though token-signing key theft required full identity-trust reissuance",Data breach,"About 18,000 organizations received the trojanized update and roughly 100 were actively exploited, including nine US federal agencies, forcing government-wide disconnection of Orion, mass credential resets and a multi-year loss of trust in signed vendor updates."
2021-01-01,Mimecast certificate compromise (via SolarWinds),Software Supply Chain,Cloud Cybersecurity/Email Security,Credential compromise; Certificate attack,APT29,Mimecast; customers using Microsoft 365; customer data,Not available,APT,ENISA Threat Landscape for Supply Chain Attacks,https://www.enisa.europa.eu/publications/threat-landscape-for-supply-chain-attacks,Compromised via SolarWinds; Mimecast certificate accessed to intercept Microsoft 365 connections,T1553.002 + T1078 + T1552,Subvert Trust Controls: Code Signing; Valid Accounts; Unsecured Credentials,"Attacker leveraged credential compromise; certificate attack against Mimecast certificate compromise (via SolarWinds) to insert or execute unauthorized code in the victim's software supply chain; actor profile: APT29. Mapped to T1553.002, T1078, T1552 based on the reported vector.",logins/publishes from unfamiliar IPs or geographies; new API tokens or app credentials,Abused code-signing certificate and signed malware,Third-party security research,Unknown,Unknown,Code-signing key and certificate governance; Credential management,Not reported,Unknown,Credential theft,Credential theft affecting Mimecast; customers using Microsoft 365; customer data; no public financial figure. Downstream effect flowed through the compromised component to dependent organizations and users.
2021-01-01,Private stock investment messenger (Thallium),Software Supply Chain,Financial Software,Code injection; Malicious package,APT (Thallium),Stock investors; infected users,Not available,APT,ENISA Threat Landscape for Supply Chain Attacks,https://www.enisa.europa.eu/publications/threat-landscape-for-supply-chain-attacks,Thallium APT trojanized installers to spy on infected users,T1195.001 + T1059,Supply Chain Compromise: Compromise Software Dependencies and Development Tools; Command and Scripting Interpreter,"Attacker leveraged code injection; malicious package against Private stock investment messenger (Thallium) to insert or execute unauthorized code in the victim's software supply chain; actor profile: APT (Thallium). Mapped to T1195.001, T1059 based on the reported vector.",newly published or renamed package versions with install-time scripts; outbound connections from build/CI hosts; exploit attempts in application logs; unexpected web shells or child processes,"Malicious registry package with install-time script (payload varies: infostealer, backdoor, cryptominer)",Third-party security research,Unknown,Unknown,Package registry verification; Code review and artifact integrity,Financial regulator notification likely required,Unknown,Backdoor/unauthorized access,Backdoor/unauthorized access affecting Stock investors; infected users; no public financial figure. Downstream effect flowed through the compromised component to dependent organizations and users.
2021-01-31,CodeCov (4/15/2021),Software Supply Chain,IT/DevOps Software,Build system compromise,Unknown / Not attributed,CodeCov,Not available,Other/Unknown,Atlantic Council Breaking Trust,https://about.codecov.io/security-update/,IQT/Breaking Trust dataset,T1195.002 + T1552.001 + T1078.004 + T1567,Supply Chain Compromise: Compromise Software Supply Chain; Unsecured Credentials: Credentials In Files; Valid Accounts: Cloud Accounts; Exfiltration Over Web Service,An error in Codecov's Docker image creation process exposed a credential that let the attacker modify the widely used Bash Uploader script so that every CI run exported its environment variables - including cloud keys and tokens - to an attacker-controlled server.,Unexpected curl POST to 178.62.86.114 in CI logs; altered checksum of codecov-bash uploader; subsequent unauthorized use of leaked CI secrets and Git tokens,Modified Codecov Bash Uploader script (one-line curl exfiltration),Customer report - a client noticed a checksum mismatch between the served Bash Uploader and the GitHub source,~2 months (modification 2021-01-31; discovered/disclosed 2021-04-01/15),No,"Artifact integrity and secret hygiene - unsigned, unverified CI script served over the network with no checksum enforcement","Customer breach notifications (e.g. HashiCorp GPG key rotation, Rapid7 and Twilio disclosures); federal investigation reported",Remediation via mass credential rotation and signing-key replacement rather than restoration; no data destruction,Credential theft,"Secrets from CI pipelines across an estimated 29,000 customers were exposed, forcing industry-wide token and signing-key rotation at companies including HashiCorp, Twilio, Rapid7 and Monday.com."
2021-02-01,BigNox NoxPlayer emulator compromise,Software Supply Chain,Gaming/Software,Update mechanism compromise; Code injection,Unknown / Not attributed,BigNox; specific targets in Asia,Not available,Other/Unknown,ENISA Threat Landscape for Supply Chain Attacks,https://www.enisa.europa.eu/publications/threat-landscape-for-supply-chain-attacks,Infrastructure compromised; update mechanism abused to deliver malware,T1195.002 + T1059,Supply Chain Compromise: Compromise Software Supply Chain; Command and Scripting Interpreter,"Attacker leveraged update mechanism compromise; code injection against BigNox NoxPlayer emulator compromise to insert or execute unauthorized code in the victim's software supply chain; actor profile: Unknown / Not attributed. Mapped to T1195.002, T1059 based on the reported vector.",signed artifact whose hash does not match reviewed source; unexpected release outside normal cadence; exploit attempts in application logs; unexpected web shells or child processes,Trojanized legitimate installer/update package,Internal monitoring,Unknown,Unknown,Update channel integrity; Code review and artifact integrity,Not reported,Unknown,Malicious code injection,Malicious code injection affecting BigNox; specific targets in Asia; no public financial figure. Downstream effect flowed through the compromised component to dependent organizations and users.
2021-02-01,Dependency confusion attacks (repojacking),Software Supply Chain,Technology/Software,Dependency confusion; Malicious package,Security researcher (white hat),"Apple, Microsoft, PayPal, Shopify, Netflix, Yelp, Uber; 35+ companies","$130,000+ in bug bounties",Other/Unknown,CNCF TAG Security Catalog,https://medium.com/@alex.birsan/dependency-confusion-4a5d60fec610,Alex Birsan research; public packages with same names as internal packages,T1195.001,Supply Chain Compromise: Compromise Software Dependencies and Development Tools,Attacker leveraged dependency confusion; malicious package against Dependency confusion attacks (repojacking) to insert or execute unauthorized code in the victim's software supply chain; actor profile: Security researcher (white hat). Mapped to T1195.001 based on the reported vector.,newly published or renamed package versions with install-time scripts; outbound connections from build/CI hosts,"Malicious registry package with install-time script (payload varies: infostealer, backdoor, cryptominer)",Third-party security research,Unknown,Unknown,Package resolution order / namespace control; Package registry verification,Not reported,Unknown,Malicious code injection,"Malicious code injection affecting Apple, Microsoft, PayPal, Shopify, Netflix, Yelp, Uber; 35+ companies; reported financial impact of $130,000+ in bug bounties. Downstream effect flowed through the compromised component to dependent organizations and users."
2021-02-01,Ukraine SEI EB portal compromise,Software Supply Chain,Government/Public Administration,Code injection; Malicious documents,Various APT groups,Ukraine government; public authorities; executive bodies,Not available,APT,ENISA Threat Landscape for Supply Chain Attacks,https://www.enisa.europa.eu/publications/threat-landscape-for-supply-chain-attacks,Malicious documents uploaded to government document exchange portal,T1059 + T1204.002,Command and Scripting Interpreter; User Execution: Malicious File,"Attacker leveraged code injection; malicious documents against Ukraine SEI EB portal compromise to insert or execute unauthorized code in the victim's software supply chain; actor profile: Various APT groups. Mapped to T1059, T1204.002 based on the reported vector.",exploit attempts in application logs; unexpected web shells or child processes,Not publicly detailed,Internal monitoring,Unknown,Unknown,Code review and artifact integrity; Email/document content filtering,Government incident reporting/advisory (CISA or national CERT),Unknown,Malicious code injection,Malicious code injection affecting Ukraine government; public authorities; executive bodies; no public financial figure. Downstream effect flowed through the compromised component to dependent organizations and users.
2021-02-01,VS Code GitHub repository compromise,Software Supply Chain,Developer Tools,Dev tooling compromise; CI/CD compromise,Security researcher (white hat),Microsoft VS Code; GitHub repository,Not available,Other/Unknown,CNCF TAG Security Catalog,https://www.bleepingcomputer.com/news/security/heres-how-a-researcher-broke-into-microsoft-vs-codes-github/,Researcher obtained push access via vulnerability in issue management,T1195.002 + T1195.001,Supply Chain Compromise: Compromise Software Supply Chain; Supply Chain Compromise: Compromise Software Dependencies and Development Tools,"Attacker leveraged dev tooling compromise; ci/cd compromise against VS Code GitHub repository compromise to insert or execute unauthorized code in the victim's software supply chain; actor profile: Security researcher (white hat). Mapped to T1195.002, T1195.001 based on the reported vector.",signed artifact whose hash does not match reviewed source; unexpected release outside normal cadence,Not publicly detailed,Third-party security research,Unknown,Unknown,CI/CD pipeline access control; Developer tooling trust boundary,Not reported,Unknown,Service disruption,Service disruption affecting Microsoft VS Code; GitHub repository; no public financial figure. Downstream effect flowed through the compromised component to dependent organizations and users.
2021-02-09,npm (3/1/2021),Software Supply Chain,Open Source/Package Registry,Build system compromise; Typosquatting,Unknown / Not attributed,npm; 700 packages/instances affected,Not available,Other/Unknown,Atlantic Council Breaking Trust,https://blog.sonatype.com/malicious-dependency-confusion-copycats-exfiltrate-bash-history-and-etc-shadow-files,IQT/Breaking Trust dataset,T1195.002 + T1195.001,Supply Chain Compromise: Compromise Software Supply Chain; Supply Chain Compromise: Compromise Software Dependencies and Development Tools,"Attacker leveraged build system compromise; typosquatting against npm (3/1/2021) to insert or execute unauthorized code in the victim's software supply chain; actor profile: Unknown / Not attributed. Mapped to T1195.002, T1195.001 based on the reported vector.",newly published or renamed package versions with install-time scripts; outbound connections from build/CI hosts; signed artifact whose hash does not match reviewed source; unexpected release outside normal cadence,"Malicious registry package with install-time script (payload varies: infostealer, backdoor, cryptominer)",Third-party security research,Unknown,Unknown,Build system integrity; Package registry verification,Not reported,Unknown,Malicious code injection,Malicious code injection affecting npm; 700 packages/instances affected; no public financial figure. Downstream effect flowed through the compromised component to dependent organizations and users.
2021-02-16,Qentinel Pace (2/18/2021),Software Supply Chain,Technology/Software,Build system compromise; Typosquatting,Unknown / Not attributed,Qentinel Pace,Not available,Other/Unknown,Atlantic Council Breaking Trust,https://info.qentinel.com/blog/dependency-confusion-attack,IQT/Breaking Trust dataset,T1195.002 + T1195.001,Supply Chain Compromise: Compromise Software Supply Chain; Supply Chain Compromise: Compromise Software Dependencies and Development Tools,"Attacker leveraged build system compromise; typosquatting against Qentinel Pace (2/18/2021) to insert or execute unauthorized code in the victim's software supply chain; actor profile: Unknown / Not attributed. Mapped to T1195.002, T1195.001 based on the reported vector.",newly published or renamed package versions with install-time scripts; outbound connections from build/CI hosts; signed artifact whose hash does not match reviewed source; unexpected release outside normal cadence,"Malicious registry package with install-time script (payload varies: infostealer, backdoor, cryptominer)",Third-party security research,Unknown,Unknown,Build system integrity; Package registry verification,Not reported,Unknown,Malicious code injection,Malicious code injection affecting Qentinel Pace; no public financial figure. Downstream effect flowed through the compromised component to dependent organizations and users.
2021-02-25,"npm, PyPi, pip (3/1/2021)",Software Supply Chain,Open Source/Package Registry,Build system compromise; Typosquatting,Unknown / Not attributed,"npm, PyPi, pip; 5100 packages/instances affected",Not available,Other/Unknown,Atlantic Council Breaking Trust,https://blog.sonatype.com/pypi-and-npm-flooded-with-over-5000-dependency-confusion-copycats,IQT/Breaking Trust dataset,T1195.002 + T1195.001,Supply Chain Compromise: Compromise Software Supply Chain; Supply Chain Compromise: Compromise Software Dependencies and Development Tools,"Attacker leveraged build system compromise; typosquatting against npm, PyPi, pip (3/1/2021) to insert or execute unauthorized code in the victim's software supply chain; actor profile: Unknown / Not attributed. Mapped to T1195.002, T1195.001 based on the reported vector.",newly published or renamed package versions with install-time scripts; outbound connections from build/CI hosts; signed artifact whose hash does not match reviewed source; unexpected release outside normal cadence,"Malicious registry package with install-time script (payload varies: infostealer, backdoor, cryptominer)",Third-party security research,Unknown,Unknown,Build system integrity; Package registry verification,Not reported,Unknown,Malicious code injection,"Malicious code injection affecting npm, PyPi, pip; 5100 packages/instances affected; no public financial figure. Downstream effect flowed through the compromised component to dependent organizations and users."
2021-03-01,Apple Xcode malicious project,Software Supply Chain,Developer Tools,Code injection; Dev tooling compromise,Unknown / Not attributed,Xcode developers; backdoor infections,Not available,Other/Unknown,ENISA Threat Landscape for Supply Chain Attacks,https://www.enisa.europa.eu/publications/threat-landscape-for-supply-chain-attacks,Malicious Xcode project with backdoor; exploited Xcode weakness,T1195.001 + T1059,Supply Chain Compromise: Compromise Software Dependencies and Development Tools; Command and Scripting Interpreter,"Attacker leveraged code injection; dev tooling compromise against Apple Xcode malicious project to insert or execute unauthorized code in the victim's software supply chain; actor profile: Unknown / Not attributed. Mapped to T1195.001, T1059 based on the reported vector.",exploit attempts in application logs; unexpected web shells or child processes,Not publicly detailed,Unknown,Unknown,Unknown,Developer tooling trust boundary; Code review and artifact integrity,Not reported,Unknown,Backdoor/unauthorized access,Backdoor/unauthorized access affecting Xcode developers; backdoor infections; no public financial figure. Downstream effect flowed through the compromised component to dependent organizations and users.
2021-03-01,SITA passenger service system breach,Software Supply Chain,Aviation/Air Transport IT,Server compromise; Data exfiltration,APT41 (for Air India attack); SITA compromise not attributed,SITA; Air India; Singapore Airlines; Malaysia Airlines; passenger data,Not available,APT,ENISA Threat Landscape for Supply Chain Attacks,https://www.enisa.europa.eu/publications/threat-landscape-for-supply-chain-attacks,SITA servers compromised; passenger data accessed from multiple airlines,T1190 + T1567,Exploit Public-Facing Application; Exfiltration Over Web Service,"Attacker leveraged server compromise; data exfiltration against SITA passenger service system breach to insert or execute unauthorized code in the victim's software supply chain; actor profile: APT41 (for Air India attack); SITA compromise not attributed. Mapped to T1190, T1567 based on the reported vector.",anomalous change to a trusted third-party component; unexpected outbound network activity,Not publicly detailed,Internal monitoring,Unknown,Unknown,Perimeter server hardening; Data loss prevention and egress monitoring,Not reported,Unknown,Data breach,Data breach affecting SITA; Air India; Singapore Airlines; Malaysia Airlines; passenger data; no public financial figure. Downstream effect flowed through the compromised component to dependent organizations and users.
2021-03-01,Verkada security camera compromise,Software Supply Chain,Physical Security/Surveillance,Credential compromise,Hacktivist,"Verkada; 5,000+ customers; 150,000+ cameras at schools, jails, hospitals, Tesla factories",Not available,Opportunistic,ENISA Threat Landscape for Supply Chain Attacks,https://www.enisa.europa.eu/publications/threat-landscape-for-supply-chain-attacks,Privileged credentials found on internet; production server compromised,T1078 + T1552,Valid Accounts; Unsecured Credentials,"Attacker leveraged credential compromise against Verkada security camera compromise to insert or execute unauthorized code in the victim's software supply chain; actor profile: Hacktivist. Mapped to T1078, T1552 based on the reported vector.",logins/publishes from unfamiliar IPs or geographies; new API tokens or app credentials,Not publicly detailed,Unknown,Unknown,Unknown,Credential management,Not reported,Unknown,Credential theft,"Credential theft affecting Verkada; 5,000+ customers; 150,000+ cameras at schools, jails, hospitals, Tesla factories; no public financial figure. Downstream effect flowed through the compromised component to dependent organizations and users."
2021-03-28,PHP (3/28/2021),Software Supply Chain,Open Source/Infrastructure,Source code compromise,Unknown / Not attributed,PHP,Not available,Other/Unknown,Atlantic Council Breaking Trust,https://news-web.php.net/php.internals/113838,IQT/Breaking Trust dataset,T1195.002,Supply Chain Compromise: Compromise Software Supply Chain,Attacker leveraged source code compromise against PHP (3/28/2021) to insert or execute unauthorized code in the victim's software supply chain; actor profile: Unknown / Not attributed. Mapped to T1195.002 based on the reported vector.,anomalous change to a trusted third-party component; unexpected outbound network activity,Not publicly detailed,Unknown,Unknown,Unknown,Source repository integrity,Not reported,Unknown,Data breach,Data breach affecting PHP; no public financial figure. Downstream effect flowed through the compromised component to dependent organizations and users.
2021-03-28,PHP Git server compromise,Software Supply Chain,Open Source/Infrastructure,Source code compromise; Code injection,Unknown / Not attributed,PHP; git.php.net; two malicious commits with backdoor,Not available,Other/Unknown,CNCF TAG Security Catalog,https://news-web.php.net/php.internals/113838,Self-hosted Git server compromised; backdoor in PHP source code,T1195.002 + T1059,Supply Chain Compromise: Compromise Software Supply Chain; Command and Scripting Interpreter,"Attacker leveraged source code compromise; code injection against PHP Git server compromise to insert or execute unauthorized code in the victim's software supply chain; actor profile: Unknown / Not attributed. Mapped to T1195.002, T1059 based on the reported vector.",exploit attempts in application logs; unexpected web shells or child processes,Not publicly detailed,Unknown,Unknown,Unknown,Source repository integrity; Code review and artifact integrity,Not reported,Unknown,Data breach,Data breach affecting PHP; git.php.net; two malicious commits with backdoor; no public financial figure. Downstream effect flowed through the compromised component to dependent organizations and users.
2021-04-01,ClickStudios Passwordstate compromise,Software Supply Chain,Password Management/Security Software,Update mechanism compromise; Code injection,Unknown / Not attributed,ClickStudios; Passwordstate customers,Not available,Other/Unknown,ENISA Threat Landscape for Supply Chain Attacks,https://www.enisa.europa.eu/publications/threat-landscape-for-supply-chain-attacks,Upgrade director web mechanism compromised to deliver malware,T1195.002 + T1059,Supply Chain Compromise: Compromise Software Supply Chain; Command and Scripting Interpreter,"Attacker leveraged update mechanism compromise; code injection against ClickStudios Passwordstate compromise to insert or execute unauthorized code in the victim's software supply chain; actor profile: Unknown / Not attributed. Mapped to T1195.002, T1059 based on the reported vector.",signed artifact whose hash does not match reviewed source; unexpected release outside normal cadence; exploit attempts in application logs; unexpected web shells or child processes,Trojanized legitimate installer/update package,Third-party security research,Unknown,Unknown,Update channel integrity; Code review and artifact integrity,Not reported,Unknown,Credential theft,Credential theft affecting ClickStudios; Passwordstate customers; no public financial figure. Downstream effect flowed through the compromised component to dependent organizations and users.
2021-04-15,Codecov Bash Uploader compromise,Software Supply Chain,DevOps/Developer Tools,Credential compromise; Code injection,Unknown / Not attributed,"Codecov; multiple customers including Monday.com, Rapid7; credentials/tokens/keys exposed",Not available,Other/Unknown,CNCF TAG Security Catalog; ENISA Threat Landscape for Supply Chain Attacks,https://about.codecov.io/security-update/; https://www.enisa.europa.eu/publications/threat-landscape-for-supply-chain-attacks,Docker image creation error allowed credential theft; bash uploader modified since Jan 2021,T1195.002 + T1552.001 + T1078.004 + T1567,Supply Chain Compromise: Compromise Software Supply Chain; Unsecured Credentials: Credentials In Files; Valid Accounts: Cloud Accounts; Exfiltration Over Web Service,An error in Codecov's Docker image creation process exposed a credential that let the attacker modify the widely used Bash Uploader script so that every CI run exported its environment variables - including cloud keys and tokens - to an attacker-controlled server.,Unexpected curl POST to 178.62.86.114 in CI logs; altered checksum of codecov-bash uploader; subsequent unauthorized use of leaked CI secrets and Git tokens,Modified Codecov Bash Uploader script (one-line curl exfiltration),Customer report - a client noticed a checksum mismatch between the served Bash Uploader and the GitHub source,~2 months (modification 2021-01-31; discovered/disclosed 2021-04-01/15),No,"Artifact integrity and secret hygiene - unsigned, unverified CI script served over the network with no checksum enforcement","Customer breach notifications (e.g. HashiCorp GPG key rotation, Rapid7 and Twilio disclosures); federal investigation reported",Remediation via mass credential rotation and signing-key replacement rather than restoration; no data destruction,Credential theft,"Secrets from CI pipelines across an estimated 29,000 customers were exposed, forcing industry-wide token and signing-key rotation at companies including HashiCorp, Twilio, Rapid7 and Monday.com."
2021-04-18,Homebrew CI vulnerability (review-cask-pr),Software Supply Chain,Open Source/Package Management,Dev tooling compromise; CI/CD compromise,Security researcher (white hat),Homebrew; homebrew-cask repositories,Not available,Other/Unknown,CNCF TAG Security Catalog,https://brew.sh/2021/04/21/security-incident-disclosure/,Vulnerability in GitHub Action allowed arbitrary code injection into casks,T1195.002 + T1195.001,Supply Chain Compromise: Compromise Software Supply Chain; Supply Chain Compromise: Compromise Software Dependencies and Development Tools,"Attacker leveraged dev tooling compromise; ci/cd compromise against Homebrew CI vulnerability (review-cask-pr) to insert or execute unauthorized code in the victim's software supply chain; actor profile: Security researcher (white hat). Mapped to T1195.002, T1195.001 based on the reported vector.",signed artifact whose hash does not match reviewed source; unexpected release outside normal cadence,Not publicly detailed,Third-party security research,Unknown,Unknown,CI/CD pipeline access control; Developer tooling trust boundary,Not reported,Unknown,Malicious code injection,Malicious code injection affecting Homebrew; homebrew-cask repositories; no public financial figure. Downstream effect flowed through the compromised component to dependent organizations and users.
2021-05-01,Fujitsu ProjectWEB compromise,Software Supply Chain,Collaboration/Government Software,Vulnerability exploitation; Data exfiltration,Unknown / Not attributed,Japanese government agencies; Japanese Air Traffic Control,Not available,Other/Unknown,ENISA Threat Landscape for Supply Chain Attacks,https://www.enisa.europa.eu/publications/threat-landscape-for-supply-chain-attacks,Weaknesses in ProjectWEB exploited; government and air traffic control data stolen,T1190 + T1567,Exploit Public-Facing Application; Exfiltration Over Web Service,"Attacker leveraged vulnerability exploitation; data exfiltration against Fujitsu ProjectWEB compromise to insert or execute unauthorized code in the victim's software supply chain; actor profile: Unknown / Not attributed. Mapped to T1190, T1567 based on the reported vector.",exploit attempts in application logs; unexpected web shells or child processes,Exploit for a public-facing application; follow-on webshell or loader,Internal monitoring,Unknown,Unknown,Vulnerability management on internet-facing systems; Data loss prevention and egress monitoring,Government incident reporting/advisory (CISA or national CERT),Unknown,Data breach,Data breach affecting Japanese government agencies; Japanese Air Traffic Control; no public financial figure. Downstream effect flowed through the compromised component to dependent organizations and users.
2021-05-07,Colonial Pipeline ransomware (DarkSide),Physical/Operational Supply Chain,Energy/Fuel Pipeline,"Credential compromise (legacy VPN, no MFA); Ransomware",Cybercriminal / Ransomware-as-a-Service (DarkSide),Colonial Pipeline; fuel distribution across US East Coast; 17 states + DC declared emergency,$4.4M ransom paid (~$2.3M recovered by DOJ); regional fuel shortages,Opportunistic,US DOJ / CISA / Congressional testimony,https://www.justice.gov/opa/pr/department-justice-seizes-23-million-cryptocurrency-paid-ransomware-extortionists-darkside,Largest US fuel pipeline shut down for 6 days; catalyst for TSA pipeline security directives,T1078 + T1133 + T1486 + T0822 (ICS),Valid Accounts; External Remote Services; Data Encrypted for Impact; External Remote Services (ICS),"DarkSide affiliates logged into a legacy, unused VPN profile using a single compromised password with no MFA, moved through the IT network, exfiltrated ~100GB of data, then deployed DarkSide ransomware against IT systems.",Login to a decommissioned VPN account from an unusual IP; ~100GB outbound data transfer; DarkSide ransom note on operator workstation; encrypted billing/IT file shares,DarkSide ransomware; stolen VPN credential (found in a password dump); commodity remote-access tooling,Employee discovery - control-room operator found a ransom note on a computer screen,8 days (initial access 2021-04-29; discovered 2021-05-07),No,VPN credential management - dormant remote-access account without multifactor authentication,TSA Security Directive Pipeline-2021-01/02 issued; mandatory CISA incident reporting; Congressional testimony,Backups existed but restoration judged too slow for billing systems; company paid $4.4M ransom for the decryptor,Operational shutdown,"Precautionary shutdown of a 5,500-mile pipeline carrying ~45% of East Coast fuel for six days, triggering panic buying, station outages and an emergency declaration in 17 states and DC."
2021-05-30,JBS Foods ransomware (REvil),Physical/Operational Supply Chain,Food/Meat Processing,Ransomware; Credential/access compromise (initial vector undisclosed),Cybercriminal (REvil ransomware group),JBS S.A./JBS USA; JBS Canada; JBS Australia; ~20% of U.S. beef and pork processing capacity,"$11,000,000 ransom paid; ~$100,000,000 total business impact (JBS estimate)",Opportunistic,Public reporting,https://www.cyberbreaches.org/en/incidents/jbs-foods-2021,Physical/operational supply chain attack (not software supply chain). REvil dwelled ~3 months before detonating ransomware simultaneously across three countries; White House engaged Russian government; FBI attributed to REvil.,T1486 + T1078 + T1567,Data Encrypted for Impact; Valid Accounts; Exfiltration Over Web Service,"REvil affiliates obtained access to JBS's network months before deployment, staged and exfiltrated data, then encrypted servers supporting North American and Australian beef and pork processing operations.",Long-running unauthorized access to internal servers; REvil ransom note and encrypted plant scheduling systems; outbound staging of company data,REvil/Sodinokibi ransomware,Internal monitoring - IT teams detected irregular activity affecting North American and Australian servers,~3 months of dwell time before encryption (access from ~February-March 2021; encryption late May 2021),No,Credential/access management and network segmentation across a global multi-plant OT-adjacent IT estate,US Congressional inquiry and testimony; USDA/White House engagement; ransom payment publicly disclosed,"Encrypted backup servers were unaffected in part, but JBS paid an $11M ransom to limit further disruption and data exposure",Operational shutdown,"All US beef plants and multiple Australian and Canadian facilities halted for roughly a day or more, cutting US beef slaughter capacity by about a fifth and briefly moving wholesale meat prices."
2021-06-01,Microsoft WHCP driver signing abuse,Software Supply Chain,Software/Gaming,Certificate attack; Trust and signing compromise,Unknown / Not attributed,Users systems; gaming sector in China,Not available,Opportunistic,ENISA Threat Landscape for Supply Chain Attacks,https://www.enisa.europa.eu/publications/threat-landscape-for-supply-chain-attacks,Code signing processes abused to distribute rootkit malware,T1553.002,Subvert Trust Controls: Code Signing,Attacker leveraged certificate attack; trust and signing compromise against Microsoft WHCP driver signing abuse to insert or execute unauthorized code in the victim's software supply chain; actor profile: Unknown / Not attributed. Mapped to T1553.002 based on the reported vector.,anomalous change to a trusted third-party component; unexpected outbound network activity,Abused code-signing certificate and signed malware,Third-party security research,Unknown,Unknown,Code-signing key and certificate governance; Code-signing trust validation,Not reported,Unknown,Service disruption,Service disruption affecting Users systems; gaming sector in China; no public financial figure. Downstream effect flowed through the compromised component to dependent organizations and users.
2021-06-01,Myanmar presidential website trojanized,Software Supply Chain,Government,Publishing infrastructure compromise; Code injection,APT (Mustang Panda suspected),Myanmar presidential website; potential victims,Not available,APT,ENISA Threat Landscape for Supply Chain Attacks,https://www.enisa.europa.eu/publications/threat-landscape-for-supply-chain-attacks,Resources on presidential website trojanized to deliver malware,T1195.002 + T1059,Supply Chain Compromise: Compromise Software Supply Chain; Command and Scripting Interpreter,"Attacker leveraged publishing infrastructure compromise; code injection against Myanmar presidential website trojanized to insert or execute unauthorized code in the victim's software supply chain; actor profile: APT (Mustang Panda suspected). Mapped to T1195.002, T1059 based on the reported vector.",signed artifact whose hash does not match reviewed source; unexpected release outside normal cadence; exploit attempts in application logs; unexpected web shells or child processes,Trojanized legitimate installer/update package,Internal monitoring,Unknown,Unknown,Distribution/publishing infrastructure integrity; Code review and artifact integrity,Government incident reporting/advisory (CISA or national CERT),Unknown,Backdoor/unauthorized access,Backdoor/unauthorized access affecting Myanmar presidential website; potential victims; no public financial figure. Downstream effect flowed through the compromised component to dependent organizations and users.
2021-06-21,PyPI (6/21/2021),Software Supply Chain,Open Source/Package Registry,Malicious package; Typosquatting,Cybercriminal / Financially motivated,PyPI; 6 packages/instances affected,Not available,Opportunistic,Atlantic Council Breaking Trust,https://blog.sonatype.com/sonatype-catches-new-pypi-cryptomining-malware-via-automated-detection,IQT/Breaking Trust dataset. Sonatype is publishing the findings after catching these malicious packages over the weekend and notifying PyPI of these packages.,T1195.001,Supply Chain Compromise: Compromise Software Dependencies and Development Tools,Attacker leveraged malicious package; typosquatting against PyPI (6/21/2021) to insert or execute unauthorized code in the victim's software supply chain; actor profile: Cybercriminal / Financially motivated. Mapped to T1195.001 based on the reported vector.,newly published or renamed package versions with install-time scripts; outbound connections from build/CI hosts,"Malicious registry package with install-time script (payload varies: infostealer, backdoor, cryptominer)",Third-party security research,Unknown,Unknown,Package registry verification,Not reported,Unknown,Malicious code injection,Malicious code injection affecting PyPI; 6 packages/instances affected; no public financial figure. Downstream effect flowed through the compromised component to dependent organizations and users.
2021-07-01,Synnex IT distribution breach,Software Supply Chain,Technology Distribution,Credential compromise; Cloud access,Unknown / Not attributed,Synnex; Microsoft cloud customer applications; US Republican National Committee (RNC),Not available,Other/Unknown,ENISA Threat Landscape for Supply Chain Attacks,https://www.enisa.europa.eu/publications/threat-landscape-for-supply-chain-attacks,Possibly connected to Kaseya MSP attacks; RNC accessed through Microsoft cloud,T1078 + T1552 + T1078.004,Valid Accounts; Unsecured Credentials; Valid Accounts: Cloud Accounts,"Attacker leveraged credential compromise; cloud access against Synnex IT distribution breach to insert or execute unauthorized code in the victim's software supply chain; actor profile: Unknown / Not attributed. Mapped to T1078, T1552, T1078.004 based on the reported vector.",logins/publishes from unfamiliar IPs or geographies; new API tokens or app credentials,Not publicly detailed,Internal monitoring,Unknown,Unknown,Credential management; Cloud identity and access management,Not reported,Unknown,Credential theft,Credential theft affecting Synnex; Microsoft cloud customer applications; US Republican National Committee (RNC); no public financial figure. Downstream effect flowed through the compromised component to dependent organizations and users.
2021-07-02,Kaseya VSA (7/2/2021),Software Supply Chain,IT/DevOps Software,Build system compromise,Cybercriminal / Financially motivated,Kaseya VSA,Not available,Opportunistic,Atlantic Council Breaking Trust; ENISA Threat Landscape for Supply Chain Attacks,https://www.cisa.gov/uscert/ncas/current-activity/2021/07/02/kaseya-vsa-supply-chain-ransomware-attack; https://www.enisa.europa.eu/publications/threat-landscape-for-supply-chain-attacks,"IQT/Breaking Trust dataset. REvil has offered a decryption key, allegedly universal and, therefore, able to unlock all encrypted systems, for the 'bargain' price of $70 million in the bitcoin (BTC) cryptocurrency.",T1190 + T1195.002 + T1486 + T1562.001,Exploit Public-Facing Application; Supply Chain Compromise: Compromise Software Supply Chain; Data Encrypted for Impact; Impair Defenses: Disable or Modify Tools,REvil affiliates exploited authentication-bypass and code-injection zero-days (CVE-2021-30116 chain) in on-premises Kaseya VSA servers to push a fake 'Kaseya VSA Agent Hot-fix' that disabled Defender and ran REvil ransomware on downstream MSP customer endpoints.,agent.crt/agent.exe dropped into c:\kworking; certutil-based decoding; Defender exclusions added via PowerShell; simultaneous encryption across many unrelated customers of one MSP,REvil/Sodinokibi ransomware; trojanized Kaseya agent hotfix; legitimate but abused MsMpEng.exe side-loading of mpsvc.dll,Internal monitoring - Kaseya's own detection plus near-simultaneous MSP reports; Kaseya shut down SaaS and told customers to take VSA offline within hours,~2 hours from exploitation to Kaseya shutdown notice,Yes,Vulnerability management in a highly privileged remote-management platform (known-but-unpatched zero-days in an agent with SYSTEM rights),CISA-FBI joint guidance issued; White House response and later DOJ indictment/arrests; customer breach notifications,"Mixed - many MSPs restored from backups; a universal decryptor was later obtained by the FBI and distributed, and Kaseya stated it did not pay",Service disruption,"Roughly 50-60 MSPs and up to 1,500 downstream businesses were encrypted over a holiday weekend, closing hundreds of Coop supermarkets in Sweden and schools in New Zealand, against a $70M collective ransom demand."
2021-07-29,PyPI (7/29/2021),Software Supply Chain,Open Source/Package Registry,Malicious package,Unknown / Not attributed,PyPI; 8 packages/instances affected,Not available,Other/Unknown,Atlantic Council Breaking Trust,https://jfrog.com/blog/malicious-pypi-packages-stealing-credit-cards-injecting-code/,IQT/Breaking Trust dataset. JFrog security research team will continue to monitor public package repositories to sanitize such instances.,T1195.001,Supply Chain Compromise: Compromise Software Dependencies and Development Tools,Attacker leveraged malicious package against PyPI (7/29/2021) to insert or execute unauthorized code in the victim's software supply chain; actor profile: Unknown / Not attributed. Mapped to T1195.001 based on the reported vector.,newly published or renamed package versions with install-time scripts; outbound connections from build/CI hosts,"Malicious registry package with install-time script (payload varies: infostealer, backdoor, cryptominer)",Third-party security research,Unknown,Unknown,Package registry verification,Not reported,Unknown,Malicious code injection,Malicious code injection affecting PyPI; 8 packages/instances affected; no public financial figure. Downstream effect flowed through the compromised component to dependent organizations and users.
2021-09-01,WordPress (01/21/2022),Software Supply Chain,Open Source/Package Registry,Source code compromise; Malicious package,Unknown / Not attributed,WordPress; 93 packages/instances affected,Not available,Other/Unknown,Atlantic Council Breaking Trust,https://www.bleepingcomputer.com/news/security/over-90-wordpress-themes-plugins-backdoored-in-supply-chain-attack/,"IQT/Breaking Trust dataset. In total, threat actors compromised 40 themes and 53 plugins belonging to AccessPress, a developer of WordPress add-ons used in over 360000 active websites.",T1195.002 + T1195.001,Supply Chain Compromise: Compromise Software Supply Chain; Supply Chain Compromise: Compromise Software Dependencies and Development Tools,"Attacker leveraged source code compromise; malicious package against WordPress (01/21/2022) to insert or execute unauthorized code in the victim's software supply chain; actor profile: Unknown / Not attributed. Mapped to T1195.002, T1195.001 based on the reported vector.",newly published or renamed package versions with install-time scripts; outbound connections from build/CI hosts,"Malicious registry package with install-time script (payload varies: infostealer, backdoor, cryptominer)",Third-party security research,Unknown,Unknown,Source repository integrity; Package registry verification,Not reported,Unknown,Data breach,Data breach affecting WordPress; 93 packages/instances affected; no public financial figure. Downstream effect flowed through the compromised component to dependent organizations and users.
2021-09-03,Travis CI (9/14/2021),Software Supply Chain,IT/DevOps Software,Build system compromise,Unknown / Not attributed,Travis CI,Not available,Other/Unknown,Atlantic Council Breaking Trust; CNCF TAG Security Catalog,https://arstechnica.com/information-technology/2021/09/travis-ci-flaw-exposed-secrets-for-thousands-of-open-source-projects/; https://travis-ci.community/t/security-bulletin/12081,IQT/Breaking Trust dataset. The dev community is upset about the poor handling of the vulnerability disclosure process and the brief security bulletin it had to force out of Travis.,T1195.002,Supply Chain Compromise: Compromise Software Supply Chain,Attacker leveraged build system compromise against Travis CI (9/14/2021) to insert or execute unauthorized code in the victim's software supply chain; actor profile: Unknown / Not attributed. Mapped to T1195.002 based on the reported vector.,signed artifact whose hash does not match reviewed source; unexpected release outside normal cadence,Trojanized legitimate installer/update package,Third-party security research,Unknown,Unknown,Build system integrity,Not reported,Unknown,Service disruption,Service disruption affecting Travis CI; no public financial figure. Downstream effect flowed through the compromised component to dependent organizations and users.
2021-09-12,PyPI (9/12/2021),Software Supply Chain,Open Source/Package Registry,Malicious package,Unknown / Not attributed,PyPI; 18 packages/instances affected,Not available,Other/Unknown,Atlantic Council Breaking Trust,https://github.com/pypi/warehouse/issues/10032,IQT/Breaking Trust dataset. The Python packages have since been removed from the repository.,T1195.001,Supply Chain Compromise: Compromise Software Dependencies and Development Tools,Attacker leveraged malicious package against PyPI (9/12/2021) to insert or execute unauthorized code in the victim's software supply chain; actor profile: Unknown / Not attributed. Mapped to T1195.001 based on the reported vector.,newly published or renamed package versions with install-time scripts; outbound connections from build/CI hosts,"Malicious registry package with install-time script (payload varies: infostealer, backdoor, cryptominer)",Third-party security research,Unknown,Unknown,Package registry verification,Not reported,Unknown,Malicious code injection,Malicious code injection affecting PyPI; 18 packages/instances affected; no public financial figure. Downstream effect flowed through the compromised component to dependent organizations and users.
2021-10-12,PyPI (10/12/2021),Software Supply Chain,Open Source/Package Registry,Typosquatting,Unknown / Not attributed,PyPI; 2 packages/instances affected,Not available,Other/Unknown,Atlantic Council Breaking Trust,https://www.bleepingcomputer.com/news/security/pypi-removes-mitmproxy2-over-code-execution-concerns/,"IQT/Breaking Trust dataset. After removing the package from the directory the next day, a new package 'mitmproxy-iframe' was posted to PyPI, the description of which also completely coincided with the official package.",T1195.001,Supply Chain Compromise: Compromise Software Dependencies and Development Tools,Attacker leveraged typosquatting against PyPI (10/12/2021) to insert or execute unauthorized code in the victim's software supply chain; actor profile: Unknown / Not attributed. Mapped to T1195.001 based on the reported vector.,newly published or renamed package versions with install-time scripts; outbound connections from build/CI hosts,"Malicious registry package with install-time script (payload varies: infostealer, backdoor, cryptominer)",Third-party security research,Unknown,Unknown,Package registry verification,Not reported,Unknown,Malicious code injection,Malicious code injection affecting PyPI; 2 packages/instances affected; no public financial figure. Downstream effect flowed through the compromised component to dependent organizations and users.
2021-10-15,npm (10/20/2021),Software Supply Chain,Open Source/Package Registry,Malicious package; Typosquatting,Cybercriminal / Financially motivated,npm; 3 packages/instances affected,Not available,Opportunistic,Atlantic Council Breaking Trust,https://blog.sonatype.com/newly-found-npm-malware-mines-cryptocurrency-on-windows-linux-macos-devices,"IQT/Breaking Trust dataset. The bad actor's NPM account has since been deactivated, and all the three libraries have been removed from the repository on the same day of publishing.",T1195.001,Supply Chain Compromise: Compromise Software Dependencies and Development Tools,Attacker leveraged malicious package; typosquatting against npm (10/20/2021) to insert or execute unauthorized code in the victim's software supply chain; actor profile: Cybercriminal / Financially motivated. Mapped to T1195.001 based on the reported vector.,newly published or renamed package versions with install-time scripts; outbound connections from build/CI hosts,"Malicious registry package with install-time script (payload varies: infostealer, backdoor, cryptominer)",Third-party security research,Unknown,Unknown,Package registry verification,Not reported,Unknown,Malicious code injection,Malicious code injection affecting npm; 3 packages/instances affected; no public financial figure. Downstream effect flowed through the compromised component to dependent organizations and users.
2021-10-20,npm (10/27/2021),Software Supply Chain,Open Source/Package Registry,Malicious package; Typosquatting,Cybercriminal / Financially motivated,npm; 2 packages/instances affected,Not available,Opportunistic,Atlantic Council Breaking Trust,https://blog.sonatype.com/fake-npm-roblox-api-package-installs-ransomware-spooky-surprise,IQT/Breaking Trust dataset. Both of the malicious NPM libraries have since been taken down and are no longer available.,T1195.001,Supply Chain Compromise: Compromise Software Dependencies and Development Tools,Attacker leveraged malicious package; typosquatting against npm (10/27/2021) to insert or execute unauthorized code in the victim's software supply chain; actor profile: Cybercriminal / Financially motivated. Mapped to T1195.001 based on the reported vector.,newly published or renamed package versions with install-time scripts; outbound connections from build/CI hosts,"Malicious registry package with install-time script (payload varies: infostealer, backdoor, cryptominer)",Third-party security research,Unknown,Unknown,Package registry verification,Not reported,Unknown,Malicious code injection,Malicious code injection affecting npm; 2 packages/instances affected; no public financial figure. Downstream effect flowed through the compromised component to dependent organizations and users.
2021-10-22,npm (10/22/2021),Software Supply Chain,Open Source/Package Registry,Source code compromise; Account takeover; Malicious package,Unknown / Not attributed,npm,Not available,Other/Unknown,Atlantic Council Breaking Trust,https://www.bleepingcomputer.com/news/security/popular-npm-library-hijacked-to-install-password-stealers-miners/,"IQT/Breaking Trust dataset. The deliberately introduced critical vulnerabilities were absent from newer, benign versions released by the JavaScript packages developer a few hours later.",T1195.002 + T1195.001 + T1078,Supply Chain Compromise: Compromise Software Supply Chain; Supply Chain Compromise: Compromise Software Dependencies and Development Tools; Valid Accounts,"Attacker leveraged source code compromise; account takeover; malicious package against npm (10/22/2021) to insert or execute unauthorized code in the victim's software supply chain; actor profile: Unknown / Not attributed. Mapped to T1195.002, T1195.001, T1078 based on the reported vector.",newly published or renamed package versions with install-time scripts; outbound connections from build/CI hosts; logins/publishes from unfamiliar IPs or geographies; new API tokens or app credentials,"Malicious registry package with install-time script (payload varies: infostealer, backdoor, cryptominer)",Third-party security research,Unknown,Unknown,Source repository integrity; Package registry verification; Credential management / account security,Not reported,Unknown,Data breach,Data breach affecting npm; no public financial figure. Downstream effect flowed through the compromised component to dependent organizations and users.
2021-11-04,NPM coa and rc packages hijacked,Software Supply Chain,Open Source/Package Registry,Account takeover; Malicious maintainer,Cybercriminal / Financially motivated,NPM; coa (8M+ weekly downloads); rc (14M+ weekly downloads); Qakbot trojan distributed,Not available,Opportunistic,CNCF TAG Security Catalog,https://blog.sonatype.com/npm-hijackers-at-it-again-popular-coa-and-rc-open-source-libraries-taken-over-to-spread-malware; https://blog.sonatype.com/newly-found-npm-malware-mines-cryptocurrency-on-windows-linux-macos-devices; https://github.com/faisalman/ua-parser-js/issues/536,Developer accounts hijacked to publish malicious versions with Qakbot trojan,T1195.001 + T1078,Supply Chain Compromise: Compromise Software Dependencies and Development Tools; Valid Accounts,"Attacker leveraged account takeover; malicious maintainer against NPM coa and rc packages hijacked to insert or execute unauthorized code in the victim's software supply chain; actor profile: Cybercriminal / Financially motivated. Mapped to T1195.001, T1078 based on the reported vector.",logins/publishes from unfamiliar IPs or geographies; new API tokens or app credentials,Not publicly detailed,Third-party security research,Unknown,Unknown,Maintainer trust and release review; Credential management / account security,Not reported,Unknown,Backdoor/unauthorized access,Backdoor/unauthorized access affecting NPM; coa (8M+ weekly downloads); rc (14M+ weekly downloads); Qakbot trojan distributed; no public financial figure. Downstream effect flowed through the compromised component to dependent organizations and users.
2021-11-04,npm (11/4/2021),Software Supply Chain,Open Source/Package Registry,Source code compromise; Account takeover; Malicious package,Unknown / Not attributed,npm; 2 packages/instances affected,Not available,Other/Unknown,Atlantic Council Breaking Trust,https://www.bleepingcomputer.com/news/security/popular-coa-npm-library-hijacked-to-steal-user-passwords/,IQT/Breaking Trust dataset. NPM has removed the compromised versions and blocked new versions from being published temporarily while recovering access to the package.,T1195.002 + T1195.001 + T1078,Supply Chain Compromise: Compromise Software Supply Chain; Supply Chain Compromise: Compromise Software Dependencies and Development Tools; Valid Accounts,"Attacker leveraged source code compromise; account takeover; malicious package against npm (11/4/2021) to insert or execute unauthorized code in the victim's software supply chain; actor profile: Unknown / Not attributed. Mapped to T1195.002, T1195.001, T1078 based on the reported vector.",newly published or renamed package versions with install-time scripts; outbound connections from build/CI hosts; logins/publishes from unfamiliar IPs or geographies; new API tokens or app credentials,"Malicious registry package with install-time script (payload varies: infostealer, backdoor, cryptominer)",Third-party security research,Unknown,Unknown,Source repository integrity; Package registry verification; Credential management / account security,Not reported,Unknown,Data breach,Data breach affecting npm; 2 packages/instances affected; no public financial figure. Downstream effect flowed through the compromised component to dependent organizations and users.
2021-11-19,PyPI (11/19/2021),Software Supply Chain,Open Source/Package Registry,Malicious package,Unknown / Not attributed,PyPI; 11 packages/instances affected,Not available,Other/Unknown,Atlantic Council Breaking Trust,https://arstechnica.com/information-technology/2021/11/malware-downloaded-from-pypi-41000-times-was-surprisingly-stealthy/,IQT/Breaking Trust dataset. The Python packages have since been removed from the repository following responsible disclosure by DevOps firm JFrog.,T1195.001,Supply Chain Compromise: Compromise Software Dependencies and Development Tools,Attacker leveraged malicious package against PyPI (11/19/2021) to insert or execute unauthorized code in the victim's software supply chain; actor profile: Unknown / Not attributed. Mapped to T1195.001 based on the reported vector.,newly published or renamed package versions with install-time scripts; outbound connections from build/CI hosts,"Malicious registry package with install-time script (payload varies: infostealer, backdoor, cryptominer)",Third-party security research,Unknown,Unknown,Package registry verification,Not reported,Unknown,Malicious code injection,Malicious code injection affecting PyPI; 11 packages/instances affected; no public financial figure. Downstream effect flowed through the compromised component to dependent organizations and users.
2021-12-01,npm (07/05/2022),Software Supply Chain,Open Source/Package Registry,Build system compromise; Dependency compromise,Unknown / Not attributed,npm; 59 packages/instances affected,Not available,Other/Unknown,Atlantic Council Breaking Trust,https://blog.reversinglabs.com/blog/iconburst-npm-software-supply-chain-attack-grabs-data-from-apps-websites,IQT/Breaking Trust dataset. Researchers at ReversingLabs identified NPM packages that contain obfuscated Javascript designed to steal form data from individuals using applications or websites where the malicious packages had been deployed.,T1195.002 + T1195.001,Supply Chain Compromise: Compromise Software Supply Chain; Supply Chain Compromise: Compromise Software Dependencies and Development Tools,"Attacker leveraged build system compromise; dependency compromise against npm (07/05/2022) to insert or execute unauthorized code in the victim's software supply chain; actor profile: Unknown / Not attributed. Mapped to T1195.002, T1195.001 based on the reported vector.",signed artifact whose hash does not match reviewed source; unexpected release outside normal cadence,Trojanized legitimate installer/update package,Third-party security research,Unknown,Unknown,Build system integrity; Dependency review and pinning,Not reported,Unknown,Malicious code injection,Malicious code injection affecting npm; 59 packages/instances affected; no public financial figure. Downstream effect flowed through the compromised component to dependent organizations and users.
2021-12-10,Log4j (Log4Shell) vulnerability,Software Supply Chain,Open Source/Infrastructure,Code injection (RCE vulnerability),Unknown / Not attributed,Apache Log4j; widespread global impact across virtually all Java applications,Not available,Other/Unknown,CNCF TAG Security Catalog,https://security.googleblog.com/2021/12/understanding-impact-of-apache-log4j.html,CVE-2021-44228; critical RCE vulnerability in ubiquitous logging library,T1190 + T1059 + T1203,Exploit Public-Facing Application; Command and Scripting Interpreter; Exploitation for Client Execution,"Attackers sent crafted JNDI lookup strings (for example ${jndi:ldap://...}) in headers, form fields and user agents so that vulnerable Log4j2 versions fetched and executed remote classes, enabling unauthenticated RCE across countless Java applications.","${jndi:ldap/rmi/dns...} patterns in request logs and user-agent strings; outbound LDAP/RMI from application servers; cryptominer, Mirai/Muhstik and Cobalt Strike follow-on payloads","CVE-2021-44228 (Log4Shell) exploit strings; JNDI-Exploit-Kit; follow-on Kinsing, XMRig, Mirai, Muhstik, Cobalt Strike and later Conti/Khonsari ransomware","Researcher disclosure - reported to Apache by Alibaba Cloud's security team, then rapid public exploitation and vendor detection",~2 weeks between first observed in-the-wild exploitation and public disclosure; the flaw itself existed since 2013,Partial,Transitive dependency visibility - organizations could not inventory where a ubiquitous logging library was embedded,CISA Emergency Directive 22-02 and KEV listing; FTC warning of enforcement for failure to remediate; global vendor advisories,"Not applicable to a vulnerability class; response relied on patching, WAF virtual patching and dependency inventory/SBOM efforts",Service disruption,"Hundreds of millions of devices and services required emergency patching over the December 2021 holidays, with sustained exploitation against VMware Horizon, ecommerce and government systems and long-tail remediation costs across nearly every enterprise."
2022-01-01,Auth0 source code repository stolen,Software Supply Chain,Identity/Access Management,Source code compromise,Unknown / Not attributed,Auth0 (Okta); source code from 2020 and earlier,Not available,Other/Unknown,CNCF TAG Security Catalog,https://auth0.com/blog/auth0-code-repository-archives-from-2020-and-earlier/; https://www.bleepingcomputer.com/news/security/oktas-source-code-stolen-after-github-repositories-hacked/,Third-party individual informed Okta of possession of source code,T1195.002,Supply Chain Compromise: Compromise Software Supply Chain,Attacker leveraged source code compromise against Auth0 source code repository stolen to insert or execute unauthorized code in the victim's software supply chain; actor profile: Unknown / Not attributed. Mapped to T1195.002 based on the reported vector.,anomalous change to a trusted third-party component; unexpected outbound network activity,Not publicly detailed,Third-party security research,Unknown,Unknown,Source repository integrity,Not reported,Unknown,Data breach,Data breach affecting Auth0 (Okta); source code from 2020 and earlier; no public financial figure. Downstream effect flowed through the compromised component to dependent organizations and users.
2022-01-01,"Docker Hub malicious containers (1,650+)",Software Supply Chain,Container/Cloud Infrastructure,Malicious package; Publishing infrastructure compromise,Cybercriminal / Financially motivated,"Docker Hub; 1,652 malicious container images identified; cryptominers, secrets, proxy tools",Not available,Opportunistic,CNCF TAG Security Catalog,https://www.bleepingcomputer.com/news/security/docker-hub-repositories-hide-over-1-650-malicious-containers/,"Sysdig researchers scanned 250,000+ images; found 1,652 malicious",T1195.002 + T1195.001,Supply Chain Compromise: Compromise Software Supply Chain; Supply Chain Compromise: Compromise Software Dependencies and Development Tools,"Attacker leveraged malicious package; publishing infrastructure compromise against Docker Hub malicious containers (1,650+) to insert or execute unauthorized code in the victim's software supply chain; actor profile: Cybercriminal / Financially motivated. Mapped to T1195.002, T1195.001 based on the reported vector.",newly published or renamed package versions with install-time scripts; outbound connections from build/CI hosts; signed artifact whose hash does not match reviewed source; unexpected release outside normal cadence,"Malicious registry package with install-time script (payload varies: infostealer, backdoor, cryptominer)",Third-party security research,Unknown,Unknown,Distribution/publishing infrastructure integrity; Package registry verification,Not reported,Unknown,Malicious code injection,"Malicious code injection affecting Docker Hub; 1,652 malicious container images identified; cryptominers, secrets, proxy tools; no public financial figure. Downstream effect flowed through the compromised component to dependent organizations and users."
2022-01-01,GCP Golang Buildpacks old compiler injection,Software Supply Chain,Cloud Infrastructure/Developer Tools,Dev tooling compromise,Unknown / Not attributed,Google Cloud Platform Buildpacks; Go developers using GCP,Not available,Other/Unknown,CNCF TAG Security Catalog,https://zt.dev/posts/gcp-buildpacks-old-compiler/,Build pipelines pulled older compilers with known vulnerabilities,T1195.001,Supply Chain Compromise: Compromise Software Dependencies and Development Tools,Attacker leveraged dev tooling compromise against GCP Golang Buildpacks old compiler injection to insert or execute unauthorized code in the victim's software supply chain; actor profile: Unknown / Not attributed. Mapped to T1195.001 based on the reported vector.,anomalous change to a trusted third-party component; unexpected outbound network activity,Not publicly detailed,Unknown,Unknown,Unknown,Developer tooling trust boundary,Not reported,Unknown,Service disruption,Service disruption affecting Google Cloud Platform Buildpacks; Go developers using GCP; no public financial figure. Downstream effect flowed through the compromised component to dependent organizations and users.
2022-01-01,Intel Alder Lake BIOS leak,Software Supply Chain,Hardware/Semiconductor,Source code compromise,Unknown / Not attributed,Intel; 6GB BIOS/UEFI source code leaked on 4chan and GitHub,Not available,Other/Unknown,CNCF TAG Security Catalog,https://www.tomshardware.com/news/intel-confirms-6gb-alder-lake-bios-source-code-leak-new-details-emerge,Leaked by third party; contained private signing key for Intel Boot Guard,T1195.002,Supply Chain Compromise: Compromise Software Supply Chain,Attacker leveraged source code compromise against Intel Alder Lake BIOS leak to insert or execute unauthorized code in the victim's software supply chain; actor profile: Unknown / Not attributed. Mapped to T1195.002 based on the reported vector.,anomalous change to a trusted third-party component; unexpected outbound network activity,Not publicly detailed,Unknown,Unknown,Unknown,Source repository integrity,Not reported,Unknown,Data breach,Data breach affecting Intel; 6GB BIOS/UEFI source code leaked on 4chan and GitHub; no public financial figure. Downstream effect flowed through the compromised component to dependent organizations and users.
2022-01-01,PEAR PHP package manager compromise,Software Supply Chain,Open Source/Package Registry,Dev tooling compromise; Credential compromise,Unknown / Not attributed,PEAR/PHP; 285M package downloads; pear.php.net server,Not available,Other/Unknown,CNCF TAG Security Catalog,https://blog.sonarsource.com/php-supply-chain-attack-on-pear,Password reset flaw and unpatched CVE allowed server compromise,T1195.001 + T1078 + T1552,Supply Chain Compromise: Compromise Software Dependencies and Development Tools; Valid Accounts; Unsecured Credentials,"Attacker leveraged dev tooling compromise; credential compromise against PEAR PHP package manager compromise to insert or execute unauthorized code in the victim's software supply chain; actor profile: Unknown / Not attributed. Mapped to T1195.001, T1078, T1552 based on the reported vector.",logins/publishes from unfamiliar IPs or geographies; new API tokens or app credentials,Not publicly detailed,Third-party security research,Unknown,Unknown,Developer tooling trust boundary; Credential management,Not reported,Unknown,Credential theft,Credential theft affecting PEAR/PHP; 285M package downloads; pear.php.net server; no public financial figure. Downstream effect flowed through the compromised component to dependent organizations and users.
2022-01-01,RubyGems package overwrite flaw (CVE-2022-29176),Software Supply Chain,Open Source/Package Registry,Dev tooling compromise,Unknown / Not attributed,RubyGems.org; all packages with specific naming conventions at risk,Not available,Other/Unknown,CNCF TAG Security Catalog,https://www.bleepingcomputer.com/news/security/check-your-gems-rubygems-fixes-unauthorized-package-takeover-bug/,Security bug allowed anyone to remove and republish legitimate packages,T1195.001,Supply Chain Compromise: Compromise Software Dependencies and Development Tools,Attacker leveraged dev tooling compromise against RubyGems package overwrite flaw (CVE-2022-29176) to insert or execute unauthorized code in the victim's software supply chain; actor profile: Unknown / Not attributed. Mapped to T1195.001 based on the reported vector.,anomalous change to a trusted third-party component; unexpected outbound network activity,Not publicly detailed,Third-party security research,Unknown,Unknown,Developer tooling trust boundary,Not reported,Unknown,Service disruption,Service disruption affecting RubyGems.org; all packages with specific naming conventions at risk; no public financial figure. Downstream effect flowed through the compromised component to dependent organizations and users.
2022-01-08,npm (01/09/2022),Software Supply Chain,Open Source/Package Registry,Build system compromise; Dependency compromise,Unknown / Not attributed,npm; 2 packages/instances affected,Not available,Other/Unknown,Atlantic Council Breaking Trust,https://snyk.io/blog/open-source-npm-packages-colors-faker/,"IQT/Breaking Trust dataset. This event follows a similar incident related to the popular npm package faker, maintained by the same person; where the open source repository on GitHub received a forced commit which completely reverted the package's original source code.",T1195.002 + T1195.001,Supply Chain Compromise: Compromise Software Supply Chain; Supply Chain Compromise: Compromise Software Dependencies and Development Tools,"Attacker leveraged build system compromise; dependency compromise against npm (01/09/2022) to insert or execute unauthorized code in the victim's software supply chain; actor profile: Unknown / Not attributed. Mapped to T1195.002, T1195.001 based on the reported vector.",signed artifact whose hash does not match reviewed source; unexpected release outside normal cadence,Trojanized legitimate installer/update package,Third-party security research,Unknown,Unknown,Build system integrity; Dependency review and pinning,Not reported,Unknown,Data breach,Data breach affecting npm; 2 packages/instances affected; no public financial figure. Downstream effect flowed through the compromised component to dependent organizations and users.
2022-01-09,NPM colors and faker sabotaged by maintainer,Software Supply Chain,Open Source/Package Registry,Malicious maintainer; Code injection,Insider (malicious maintainer),"NPM; colors.js and faker.js; aws-cdk, Jest, Node.js Open CLI Framework; many downstream projects",Not available,Opportunistic,CNCF TAG Security Catalog,https://snyk.io/blog/open-source-npm-packages-colors-faker/; https://snyk.io/blog/peacenotwar-malicious-npm-node-ipc-package-vulnerability/,Maintainer intentionally introduced infinite loops causing DoS,T1195.001 + T1059,Supply Chain Compromise: Compromise Software Dependencies and Development Tools; Command and Scripting Interpreter,"Attacker leveraged malicious maintainer; code injection against NPM colors and faker sabotaged by maintainer to insert or execute unauthorized code in the victim's software supply chain; actor profile: Insider (malicious maintainer). Mapped to T1195.001, T1059 based on the reported vector.",exploit attempts in application logs; unexpected web shells or child processes,Not publicly detailed,Third-party security research,Unknown,Unknown,Maintainer trust and release review; Code review and artifact integrity,Not reported,Unknown,Malicious code injection,"Malicious code injection affecting NPM; colors.js and faker.js; aws-cdk, Jest, Node.js Open CLI Framework; many downstream projects; no public financial figure. Downstream effect flowed through the compromised component to dependent organizations and users."
2022-01-18,WordPress AccessPress themes/plugins backdoor,Software Supply Chain,Web/CMS,Source code compromise; Code injection,Unknown / Not attributed,"AccessPress; 93 themes and plugins; 360,000+ active websites",Not available,Other/Unknown,CNCF TAG Security Catalog,https://jetpack.com/2022/01/18/backdoor-found-in-themes-and-plugins-from-accesspress-themes/,Coordinated supply chain attack; webshell injected into themes and plugins,T1195.002 + T1059,Supply Chain Compromise: Compromise Software Supply Chain; Command and Scripting Interpreter,"Attacker leveraged source code compromise; code injection against WordPress AccessPress themes/plugins backdoor to insert or execute unauthorized code in the victim's software supply chain; actor profile: Unknown / Not attributed. Mapped to T1195.002, T1059 based on the reported vector.",exploit attempts in application logs; unexpected web shells or child processes,Exploit for a public-facing application; follow-on webshell or loader,Third-party security research,Unknown,Unknown,Source repository integrity; Code review and artifact integrity,Not reported,Unknown,Data breach,"Data breach affecting AccessPress; 93 themes and plugins; 360,000+ active websites; no public financial figure. Downstream effect flowed through the compromised component to dependent organizations and users."
2022-02-26,Kojima Industries ransomware halts Toyota production,Physical/Operational Supply Chain,Automotive Manufacturing,Ransomware; Tier-1 supplier compromise (initial vector/actor undisclosed),Unknown / Not attributed (no confirmed attribution),"Kojima Industries (Toyota Tier-1 supplier); Toyota (all 14 Japanese plants); Hino Motors; Daihatsu; ~13,000 vehicles/day lost production",Not available,Other/Unknown,Public reporting,https://www.cyberbreaches.org/en/incidents/toyota-kojima-2022,"Physical/operational supply chain attack (not software supply chain). Ransomware on a single Tier-1 parts supplier disrupted Toyota just-in-time manufacturing; no attribution ever confirmed, though timing (post Japan-Russia sanctions) fueled speculation of state-aligned origin.",T1486 + T1078,Data Encrypted for Impact; Valid Accounts,Attackers compromised Tier-1 plastic parts supplier Kojima Industries and deployed ransomware that disabled the file servers used to exchange just-in-time production data with Toyota's kanban system.,File server anomaly and threatening message discovered by Kojima staff; loss of EDI/kanban connectivity to Toyota; encrypted supplier production files,Ransomware (family not publicly confirmed),Internal detection - supplier staff noticed a file server malfunction and an accompanying ransom message,Unknown pre-encryption dwell; disruption detected within hours,Partial,Third-party/supplier security assurance - a small Tier-1 supplier's IT became a single point of failure for just-in-time production,Not reported (prompted Japanese METI supply chain cybersecurity guidance to manufacturers),Unknown at supplier; Toyota's contingency was a one-day production stop and manual restart once data exchange resumed,Operational shutdown,"Toyota suspended operations at all 14 domestic plants and 28 lines for a day, cutting roughly 13,000 vehicles of output and demonstrating how one small supplier can idle a global manufacturer."
2022-05-01,PyPI ctx and PHP PHPass account takeover,Software Supply Chain,Open Source/Package Registry,Account takeover; Dev tooling compromise,Unknown / Not attributed,PyPI ctx package (tens of thousands of installs); PHPass (~2.5M downloads),Not available,Opportunistic,CNCF TAG Security Catalog,https://sockpuppets.medium.com/how-i-hacked-ctx-and-phpass-modules-656638c6ec5e,Expired GitHub accounts and email domains allowed account takeover,T1195.001 + T1078,Supply Chain Compromise: Compromise Software Dependencies and Development Tools; Valid Accounts,"Attacker leveraged account takeover; dev tooling compromise against PyPI ctx and PHP PHPass account takeover to insert or execute unauthorized code in the victim's software supply chain; actor profile: Unknown / Not attributed. Mapped to T1195.001, T1078 based on the reported vector.",logins/publishes from unfamiliar IPs or geographies; new API tokens or app credentials,Not publicly detailed,Third-party security research,Unknown,Unknown,Developer tooling trust boundary; Credential management / account security,Not reported,Unknown,Service disruption,Service disruption affecting PyPI ctx package (tens of thousands of installs); PHPass (~2.5M downloads); no public financial figure. Downstream effect flowed through the compromised component to dependent organizations and users.
2022-05-17,Saicoo CAC Reader Driver Website (05/17/2022),Software Supply Chain,Technology/Software,Firmware implant,Unknown / Not attributed,Saicoo CAC Reader Driver Website,Not available,Other/Unknown,Atlantic Council Breaking Trust,https://krebsonsecurity.com/2022/05/when-your-smart-id-card-reader-comes-with-malware/,"IQT/Breaking Trust dataset. """"",T1195.003,Supply Chain Compromise: Compromise Hardware Supply Chain,Attacker leveraged firmware implant against Saicoo CAC Reader Driver Website (05/17/2022) to insert or execute unauthorized code in the victim's software supply chain; actor profile: Unknown / Not attributed. Mapped to T1195.003 based on the reported vector.,unexpected pre-installed applications or persistent system components on shipped devices,Pre-installed firmware/OS-level implant,Third-party security research,Unknown,Unknown,Hardware/firmware provenance verification,Not reported,Unknown,Backdoor/unauthorized access,Backdoor/unauthorized access affecting Saicoo CAC Reader Driver Website; no public financial figure. Downstream effect flowed through the compromised component to dependent organizations and users.
2022-06-24,"PyPI malicious packages (pygrata, loglib, etc.)",Software Supply Chain,Open Source/Package Registry,Typosquatting; Malicious package,Unknown / Not attributed,"PyPI; loglib-modules, pyg-modules, pygrata, pygrata-utils, hkg-sol-utils; AWS credentials stolen",Not available,Opportunistic,CNCF TAG Security Catalog,https://thehackernews.com/2022/06/multiple-backdoored-python-libraries.html,Typosquatted packages harvesting AWS credentials and environment variables,T1195.001,Supply Chain Compromise: Compromise Software Dependencies and Development Tools,"Attacker leveraged typosquatting; malicious package against PyPI malicious packages (pygrata, loglib, etc.) to insert or execute unauthorized code in the victim's software supply chain; actor profile: Unknown / Not attributed. Mapped to T1195.001 based on the reported vector.",newly published or renamed package versions with install-time scripts; outbound connections from build/CI hosts,"Malicious registry package with install-time script (payload varies: infostealer, backdoor, cryptominer)",Third-party security research,Unknown,Unknown,Package registry verification,Not reported,Unknown,Credential theft,"Credential theft affecting PyPI; loglib-modules, pyg-modules, pygrata, pygrata-utils, hkg-sol-utils; AWS credentials stolen; no public financial figure. Downstream effect flowed through the compromised component to dependent organizations and users."
2022-09-27,Comm100 Live Chat trojanized installer,Software Supply Chain,Customer Engagement Software,Publishing infrastructure compromise; Code injection,Unknown / Not attributed,"Comm100; 15,000+ customers across 51 countries; industrial, healthcare, technology, manufacturing sectors",Not available,Other/Unknown,CNCF TAG Security Catalog,https://www.securityweek.com/supply-chain-attack-targets-customer-engagement-firm-comm100,Trojanized Electron app with JavaScript backdoor; valid Comm100 certificate,T1195.002 + T1059,Supply Chain Compromise: Compromise Software Supply Chain; Command and Scripting Interpreter,"Attacker leveraged publishing infrastructure compromise; code injection against Comm100 Live Chat trojanized installer to insert or execute unauthorized code in the victim's software supply chain; actor profile: Unknown / Not attributed. Mapped to T1195.002, T1059 based on the reported vector.",signed artifact whose hash does not match reviewed source; unexpected release outside normal cadence; exploit attempts in application logs; unexpected web shells or child processes,Trojanized legitimate installer/update package,Third-party security research,Unknown,Unknown,Distribution/publishing infrastructure integrity; Code review and artifact integrity,Not reported,Unknown,Backdoor/unauthorized access,"Backdoor/unauthorized access affecting Comm100; 15,000+ customers across 51 countries; industrial, healthcare, technology, manufacturing sectors; no public financial figure. Downstream effect flowed through the compromised component to dependent organizations and users."
2022-11-01,Dropbox GitHub account breach (130 repos),Software Supply Chain,Cloud Storage/Technology,Phishing; Attack chaining,Unknown / Not attributed,"Dropbox; 130 GitHub repositories; code, names, email addresses of employees/customers",Not available,Other/Unknown,CNCF TAG Security Catalog,https://www.bleepingcomputer.com/news/security/dropbox-discloses-breach-after-hacker-stole-130-github-repositories/,Phishing impersonating CircleCI; stole GitHub credentials and OTP,T1566 + T1195,Phishing; Supply Chain Compromise,"Attacker leveraged phishing; attack chaining against Dropbox GitHub account breach (130 repos) to insert or execute unauthorized code in the victim's software supply chain; actor profile: Unknown / Not attributed. Mapped to T1566, T1195 based on the reported vector.",anomalous change to a trusted third-party component; unexpected outbound network activity,Not publicly detailed,Third-party security research,Unknown,Unknown,Human/identity controls (phishing resistance); Third-party trust chain validation,Not reported,Unknown,Credential theft,"Credential theft affecting Dropbox; 130 GitHub repositories; code, names, email addresses of employees/customers; no public financial figure. Downstream effect flowed through the compromised component to dependent organizations and users."
2022-12-07,Fantasy wiper (Agrius) supply chain attack,Software Supply Chain,Software/Diamond Industry,Publishing infrastructure compromise; Update mechanism compromise,APT (Agrius),"Israeli ISV; organizations in Israel, South Africa, Hong Kong; diamond industry",Not available,APT,CNCF TAG Security Catalog,https://www.welivesecurity.com/2022/12/07/fantasy-new-agrius-wiper-supply-chain-attack/,Agrius APT abused software update mechanism to deploy wiper malware,T1195.002,Supply Chain Compromise: Compromise Software Supply Chain,Attacker leveraged publishing infrastructure compromise; update mechanism compromise against Fantasy wiper (Agrius) supply chain attack to insert or execute unauthorized code in the victim's software supply chain; actor profile: APT (Agrius). Mapped to T1195.002 based on the reported vector.,signed artifact whose hash does not match reviewed source; unexpected release outside normal cadence,Trojanized legitimate installer/update package,Internal monitoring,Unknown,Unknown,Update channel integrity; Distribution/publishing infrastructure integrity,Not reported,Unknown,Service disruption,"Service disruption affecting Israeli ISV; organizations in Israel, South Africa, Hong Kong; diamond industry; no public financial figure. Downstream effect flowed through the compromised component to dependent organizations and users."
2022-12-25,PyTorch nightly dependency confusion (torchtriton),Software Supply Chain,AI/ML/Open Source,Dependency confusion; Malicious package,Unknown / Not attributed,PyTorch; PyPI; users of PyTorch nightly builds; system data stolen,Not available,Other/Unknown,Public reporting,https://news.sophos.com/en-us/2023/01/01/pytorch-machine-learning-toolkit-pwned-from-christmas-to-new-year/,Malicious torchtriton package on PyPI with same name as internal PyTorch package; data-stealing malware,T1195.001 + T1552.001 + T1041,Supply Chain Compromise: Compromise Software Dependencies and Development Tools; Unsecured Credentials: Credentials In Files; Exfiltration Over C2 Channel,"An actor uploaded a malicious PyPI package named 'torchtriton', which pip resolved in preference to PyTorch's own private-index dependency, and its binary harvested hostname, /etc/hosts, /etc/passwd, ~/.gitconfig, ~/.ssh and up to 1,000 files per directory to a remote DNS-exfiltration endpoint.",torchtriton package installed from PyPI rather than the PyTorch index; DNS queries to *.h4ck[.]cfd; triton binary reading SSH keys and /etc/passwd; nightly-build environments only,Malicious torchtriton PyPI package with trojanized 'triton' ELF binary; h4ck[.]cfd exfiltration domain,Researcher/community disclosure followed by PyTorch team investigation and public advisory,~5 days (malicious package live 2022-12-25 to 2022-12-30),Partial,"Package registry resolution order - dependency confusion between a private index and public PyPI, with no namespace reservation",Not reported (project advisory and user notification only),Package renamed to pytorch-triton and the PyPI name registered as a placeholder; users instructed to uninstall and rotate SSH keys,Credential theft,"Machine-learning developers running PyTorch nightly builds over a holiday week had SSH keys and local files exfiltrated, forcing key rotation and hardening of PyPI namespace policy for a project with millions of installs."
2023-01-01,Fake Dependabot commits,Software Supply Chain,Developer Tools/Open Source,Source code compromise; Credential compromise,Unknown / Not attributed,GitHub users primarily in Indonesia; hundreds of commits; repository secrets stolen,Not available,Opportunistic,CNCF TAG Security Catalog,https://checkmarx.com/blog/surprise-when-dependabot-contributes-malicious-code/,Attacker impersonated Dependabot to push malicious commits,T1195.002 + T1078 + T1552,Supply Chain Compromise: Compromise Software Supply Chain; Valid Accounts; Unsecured Credentials,"Attacker leveraged source code compromise; credential compromise against Fake Dependabot commits to insert or execute unauthorized code in the victim's software supply chain; actor profile: Unknown / Not attributed. Mapped to T1195.002, T1078, T1552 based on the reported vector.",logins/publishes from unfamiliar IPs or geographies; new API tokens or app credentials,Not publicly detailed,Unknown,Unknown,Unknown,Source repository integrity; Credential management,Not reported,Unknown,Credential theft,Credential theft affecting GitHub users primarily in Indonesia; hundreds of commits; repository secrets stolen; no public financial figure. Downstream effect flowed through the compromised component to dependent organizations and users.
2023-01-01,ManageEngine CVE-2022-47966 exploitation,Software Supply Chain,IT Management Software,Dependency compromise; Vulnerable third-party dependency,APT (North Korean),Zoho ManageEngine; European internet infrastructure provider; aeronautical sector,Not available,APT,CNCF TAG Security Catalog,https://www.securityweek.com/north-korean-apt-hacks-internet-infrastructure-provider-via-manageengine-flaw/,APT exploited vulnerable Apache Santuario/xmlsec dependency in ManageEngine,T1195.001,Supply Chain Compromise: Compromise Software Dependencies and Development Tools,Attacker leveraged dependency compromise; vulnerable third-party dependency against ManageEngine CVE-2022-47966 exploitation to insert or execute unauthorized code in the victim's software supply chain; actor profile: APT (North Korean). Mapped to T1195.001 based on the reported vector.,anomalous change to a trusted third-party component; unexpected outbound network activity,Not publicly detailed,Third-party security research,Unknown,Unknown,Dependency review and pinning,Not reported,Unknown,Service disruption,Service disruption affecting Zoho ManageEngine; European internet infrastructure provider; aeronautical sector; no public financial figure. Downstream effect flowed through the compromised component to dependent organizations and users.
2023-01-01,NPM mathjs-min credential stealer,Software Supply Chain,Open Source/Package Registry,Malicious package; Typosquatting,Unknown / Not attributed,NPM; mathjs-min; 667K weekly downloads; 1800 dependents; Discord tokens stolen,Not available,Opportunistic,CNCF TAG Security Catalog,https://blog.phylum.io/phylum-discovers-npm-package-mathjs-min-contains-discord-token-grabber,Malicious copy of mathjs with Discord token grabber embedded,T1195.001,Supply Chain Compromise: Compromise Software Dependencies and Development Tools,Attacker leveraged malicious package; typosquatting against NPM mathjs-min credential stealer to insert or execute unauthorized code in the victim's software supply chain; actor profile: Unknown / Not attributed. Mapped to T1195.001 based on the reported vector.,newly published or renamed package versions with install-time scripts; outbound connections from build/CI hosts,"Malicious registry package with install-time script (payload varies: infostealer, backdoor, cryptominer)",Third-party security research,Unknown,Unknown,Package registry verification,Not reported,Unknown,Credential theft,Credential theft affecting NPM; mathjs-min; 667K weekly downloads; 1800 dependents; Discord tokens stolen; no public financial figure. Downstream effect flowed through the compromised component to dependent organizations and users.
2023-03-29,3CX DesktopApp trojanized (Operation SmoothOperator),Software Supply Chain,Enterprise Communications/VoIP,Build system compromise; Code injection; Double supply chain attack,"APT (Lazarus Group / UNC4736, DPRK)","3CX; 600,000+ customers; 12M daily users; financial services, critical infrastructure, technology sectors",Not available,APT,"Public reporting (CISA, Mandiant, SentinelOne)",https://threatpedia.wiki/campaigns/lazarus-3cx-supply-chain-compromise-2023/,Double supply chain: 3CX build env compromised via trojanized X_TRADER; ICONIC Stealer and POOLRAT deployed,T1195.002 + T1574.001 + T1553.002 + T1027.003 + T1071.001,Supply Chain Compromise: Compromise Software Supply Chain; Hijack Execution Flow: DLL Search Order Hijacking; Subvert Trust Controls: Code Signing; Obfuscated Files or Information: Steganography; Application Layer Protocol: Web Protocols,"North Korean operators (UNC4736/Labyrinth Chollima) first compromised 3CX via a trojanized X_TRADER financial app on an employee machine, then poisoned 3CX's own build to ship signed installers that side-loaded malicious DLLs and pulled encrypted C2 config from icon files in a GitHub repo.",Signed 3CXDesktopApp shipping ffmpeg.dll/d3dcompiler_47.dll with appended encrypted payload; ICO files in a GitHub repo containing base64 C2 strings; beaconing to azureonlinecloud[.]com and similar look-alike domains; EDR alerts on 3CXDesktopApp.exe spawning network activity,ICONICSTEALER info-stealer; POOLRAT/SIMPLESEA macOS backdoor; VEILEDSIGNAL modular backdoor; TAXHAUL/COLDCAT loaders; trojanized X_TRADER (VEILEDSIGNAL) as the upstream vector,"Researcher/vendor disclosure - SentinelOne, CrowdStrike and Sophos telemetry flagged the signed 3CX binary before 3CX confirmed",~4 months (initial employee compromise ~November-December 2022; trojanized builds detected late March 2023),No,Build environment compromise - developer workstation malware reached the release pipeline and signed artifacts were never independently validated,CISA/vendor advisories issued; customer breach notifications; sanctions-relevant DPRK attribution,Clean rebuild of build infrastructure and re-issued installers; Mandiant-led IR and certificate/credential rotation,Data breach,"A vendor with roughly 600,000 customer organizations and 12 million daily users shipped malware to Windows and macOS users, forcing emergency uninstall/rollback across enterprises and the first widely documented cascading double software supply chain compromise."
2023-05-01,Packagist maintainer account takeover,Software Supply Chain,Open Source/Package Registry,Account takeover; Dev tooling compromise,Unknown / Not attributed,Packagist.org; 4 maintainer accounts; 14 packages,Not available,Opportunistic,CNCF TAG Security Catalog,https://blog.packagist.com/packagist-org-maintainer-account-takeover/,Inactive accounts with leaked passwords compromised; no malicious code distributed,T1195.001 + T1078,Supply Chain Compromise: Compromise Software Dependencies and Development Tools; Valid Accounts,"Attacker leveraged account takeover; dev tooling compromise against Packagist maintainer account takeover to insert or execute unauthorized code in the victim's software supply chain; actor profile: Unknown / Not attributed. Mapped to T1195.001, T1078 based on the reported vector.",logins/publishes from unfamiliar IPs or geographies; new API tokens or app credentials,Not publicly detailed,Third-party security research,Unknown,Unknown,Developer tooling trust boundary; Credential management / account security,Not reported,Unknown,Credential theft,Credential theft affecting Packagist.org; 4 maintainer accounts; 14 packages; no public financial figure. Downstream effect flowed through the compromised component to dependent organizations and users.
2023-05-31,MOVEit Transfer (CVE-2023-34362) mass exploitation,Software Supply Chain,Managed File Transfer/Enterprise Software,Vulnerability exploitation (SQL injection); Data exfiltration,Cybercriminal (Cl0p ransomware group),"Progress Software; 2,700+ organizations; 95M+ records; federal agencies, universities, healthcare, financial services","~$2,700,000,000 (IBM Security estimate)",Opportunistic,"Public reporting (CISA, IBM Security)",https://databreachcost.com/case/moveit-2023,SQL injection zero-day; LEMURLOOT webshell; pure data extortion campaign; largest supply-chain breach by economic impact,T1190 + T1505.003 + T1567 + T1486,Exploit Public-Facing Application; Server Software Component: Web Shell; Exfiltration Over Web Service; Data Encrypted for Impact (extortion without encryption in most cases),"CL0P exploited a SQL injection zero-day (CVE-2023-34362) in Progress MOVEit Transfer to plant the LEMURHUMAN/LEMURLOOT webshell (human2.aspx), enumerate Azure/SQL storage credentials and bulk-exfiltrate transferred files for extortion.",human2.aspx or similar unexpected .aspx files in the MOVEit wwwroot; new sysadmin-level MOVEit user 'Health Check Service'; unusual large outbound transfers; suspicious SQL activity in MOVEit database logs,LEMURLOOT (human2.aspx) webshell; CL0P extortion infrastructure; custom SQL injection exploit for CVE-2023-34362,Customer reports of suspicious activity plus vendor investigation; Progress published an advisory and emergency patch,~4 days of mass exploitation before public detection (activity from ~2023-05-27; advisory 2023-05-31); earlier probing observed in 2021-2022,Partial,Application security of an internet-facing managed file transfer product - unauthenticated SQL injection in a system holding aggregated sensitive data,SEC and state breach-notification filings by many victims; HIPAA notifications (health data); GDPR notifications in the EU/UK; class-action litigation,"Backups largely unaffected (data theft, not destruction); response focused on patching, webshell removal and mass notification",Data breach,"More than 2,700 organizations and an estimated 90+ million individuals were affected through a single file-transfer product, generating one of the largest multi-year notification and litigation cascades on record."
2023-07-01,Retool development platform MFA bypass,Software Supply Chain,Developer Tools/DevOps,Spear phishing; Attack chaining; Credential compromise,Unknown / Not attributed,Retool; customer accounts; Fortress Trust; $15M crypto theft,"$15,000,000",Opportunistic,CNCF TAG Security Catalog,https://retool.com/blog/mfa-isnt-mfa,Spear phishing and voice deepfaking compromised employee Google account for MFA,T1566.004 + T1621 + T1111 + T1078,Phishing: Spearphishing Voice; Multi-Factor Authentication Request Generation; Multi-Factor Authentication Interception; Valid Accounts,"An SMS phishing lure plus an AI-voice phone call impersonating IT convinced a Retool employee to hand over an MFA code; because Google Authenticator's new cloud sync mirrored OTP seeds to the compromised Google account, the attacker inherited durable MFA for internal admin systems and pivoted into 27 crypto customer accounts.",SMS with a fake Retool identity-portal link; deepfaked voice call to an employee; Google account sync of Authenticator seeds; admin session takeover and customer account changes,Phishing kit impersonating Retool IdP; AI voice-cloning; abuse of Google Authenticator cloud sync,Internal monitoring and customer reports of unauthorized account changes; Retool published a post-mortem,"Hours to days (same-day discovery of the compromised account, with impact confirmed shortly after)",Partial,MFA design and human process - cloud-synced OTP seeds and no phishing-resistant hardware keys for privileged internal access,Not reported (public post-mortem; affected crypto customers notified),"Credential and MFA reset, migration toward hardware security keys; no data restoration needed",Financial fraud,"27 cloud customers - all in crypto - had accounts taken over with about $15M drained from one (Fortress Trust), and the incident became the reference case against cloud-synced MFA seeds in enterprises."
2023-10-19,Okta support system breach,Software Supply Chain,Identity/Access Management,Credential compromise; Session token theft,Unknown / Not attributed,"Okta; 134 customers (<1%); 1Password, BeyondTrust, Cloudflare; all Okta certified users",Okta shares fell 11%,Other/Unknown,Public reporting,https://www.manageengine.com/blog/it-security/understanding-the-okta-supply-chain-attack-of-2023-a-comprehensive-analysis.html,Employee personal Google account compromised on work laptop; HAR files with session tokens stolen,T1078 + T1552.004 + T1550.001 + T1539,Valid Accounts; Unsecured Credentials: Private Keys; Use Alternate Authentication Material: Application Access Token; Steal Web Session Cookie,"An attacker used a stolen service-account credential (saved in a personal Google profile on an Okta-managed laptop) to access Okta's customer support case system and harvest HAR files containing live session tokens, then replayed those tokens against customer tenants.",Support-system access from unusual IPs; bulk downloading of customer HAR files; session-token replay creating admin activity in customer Okta tenants; suspicious IdP additions reported by customers,Stolen HAR files with embedded session cookies; compromised Okta support service account,Customer report - 1Password (and later BeyondTrust and Cloudflare) reported suspicious activity to Okta before Okta confirmed,"~2-3 weeks (access from late September 2023; confirmed and disclosed 2023-10-19/20), with the broader case-data exposure disclosed a month later",No,"Support-process data handling and credential management - sensitive HAR artifacts stored with live tokens, and a service account without adequate isolation or MFA",SEC 8-K disclosure by Okta; customer breach notifications; regulatory scrutiny of identity-provider controls,"Response by session revocation, token sanitization requirements and administrative MFA enforcement rather than backup restoration",Credential theft,"134 customers were directly affected with five suffering session hijacking, and the later disclosure that names/emails of all ~18,400 support customers were taken drove sector-wide changes to HAR handling and admin session policy."
2024-01-01,GitGot: npm packages using GitHub for exfiltration,Software Supply Chain,Open Source/Package Registry,Malicious package; Trust and signing compromise,Cybercriminal / Financially motivated,NPM; warbeast2000 (~400 downloads); kodiak2k (~950 downloads); SSH keys stolen,Not available,Opportunistic,CNCF TAG Security Catalog,https://www.reversinglabs.com/blog/gitgot-cybercriminals-using-github-to-store-stolen-data,npm packages designed to steal SSH keys using GitHub as exfiltration storage,T1195.001 + T1553.002,Supply Chain Compromise: Compromise Software Dependencies and Development Tools; Subvert Trust Controls: Code Signing,"Attacker leveraged malicious package; trust and signing compromise against GitGot: npm packages using GitHub for exfiltration to insert or execute unauthorized code in the victim's software supply chain; actor profile: Cybercriminal / Financially motivated. Mapped to T1195.001, T1553.002 based on the reported vector.",newly published or renamed package versions with install-time scripts; outbound connections from build/CI hosts,"Malicious registry package with install-time script (payload varies: infostealer, backdoor, cryptominer)",Third-party security research,Unknown,Unknown,Package registry verification; Code-signing trust validation,Not reported,Unknown,Data breach,Data breach affecting NPM; warbeast2000 (~400 downloads); kodiak2k (~950 downloads); SSH keys stolen; no public financial figure. Downstream effect flowed through the compromised component to dependent organizations and users.
2024-01-01,LaiXi/3proxy signed malware (digital certificate abuse),Software Supply Chain,Mobile Software,Trust and signing compromise; Certificate attack,Unknown / Not attributed,Microsoft Windows Hardware Compatibility certificate; Hainan YouHu Technology Co. Ltd; Android screen-sharing app users,Not available,Other/Unknown,CNCF TAG Security Catalog,https://news.sophos.com/en-us/2024/04/09/smoke-and-screen-mirrors-a-strange-signed-backdoor/; https://asec.ahnlab.com/en/63396/,Malware signed with legitimate Microsoft WHCP certificate,T1553.002,Subvert Trust Controls: Code Signing,Attacker leveraged trust and signing compromise; certificate attack against LaiXi/3proxy signed malware (digital certificate abuse) to insert or execute unauthorized code in the victim's software supply chain; actor profile: Unknown / Not attributed. Mapped to T1553.002 based on the reported vector.,anomalous change to a trusted third-party component; unexpected outbound network activity,Abused code-signing certificate and signed malware,Third-party security research,Unknown,Unknown,Code-signing key and certificate governance; Code-signing trust validation,Not reported,Unknown,Service disruption,Service disruption affecting Microsoft Windows Hardware Compatibility certificate; Hainan YouHu Technology Co. Ltd; Android screen-sharing app users; no public financial figure. Downstream effect flowed through the compromised component to dependent organizations and users.
2024-03-29,XZ Utils backdoor (CVE-2024-3094),Software Supply Chain,Open Source/Linux Infrastructure,Malicious maintainer; Build system compromise; Attack chaining,Unknown / Not attributed (suspected state-sponsored),"XZ Utils; Fedora, Debian, Kali Linux, openSUSE, Arch Linux, Homebrew, pkgsrc; SSH servers",Not available,APT,CNCF TAG Security Catalog,https://securitylabs.datadoghq.com/articles/xz-backdoor-cve-2024-3094/,Multi-year social engineering to attain maintainer status; backdoor in liblzma targeting sshd; CVSS 10,T1195.001 + T1195.002 + T1554 + T1556 + T1608,Supply Chain Compromise: Compromise Software Dependencies and Development Tools; Compromise Software Supply Chain; Compromise Host Software Binary; Modify Authentication Process; Stage Capabilities,"The persona 'Jia Tan' spent roughly two years building maintainer trust in xz-utils, then hid an obfuscated payload in test fixture files that the release-tarball build scripts assembled into liblzma, hooking RSA_public_decrypt so that a specific attacker key granted pre-authentication remote code execution via systemd-linked sshd.",xz 5.6.0/5.6.1 release tarballs differing from the Git tree; binary 'test' files not present in source control; ~500ms extra CPU during sshd logins; Valgrind errors in liblzma; IFUNC resolver hooking symbols in OpenSSL,Backdoored liblzma in xz 5.6.0/5.6.1 (CVE-2024-3094); obfuscated bad-3-corrupt_lzma2.xz / good-large_compressed.lzma test payloads; malicious m4/build-to-host.m4 build script,Researcher disclosure - Andres Freund investigated sshd performance anomalies and Valgrind errors and reported to oss-security,~2 years of social engineering and ~1 month of backdoored releases before discovery,No,"Open-source maintainer trust and release-tarball reproducibility - shipped tarballs were not built from, or comparable to, the reviewed source repository",CISA and distribution vendor advisories; CVE-2024-3094 assigned CVSS 10.0; federal SBOM/open-source policy discussion,Distributions rolled back to xz 5.4.x before wide production exposure; no restoration needed because unstable channels were caught first,Backdoor/unauthorized access (potential),"A near-miss that would have given a single actor remote root on much of the Linux internet had it reached stable Debian, Fedora and Ubuntu releases; forced emergency downgrades and a durable rethink of solo-maintainer dependency risk."
2024-06-25,Polyfill.io infrastructure takeover,Software Supply Chain,Web Infrastructure/CDN,Publishing infrastructure compromise; Code injection,Unknown / Not attributed,"polyfill.io; 100,000+ websites; ~4% of the web; BootCSS, BootCDN, Staticfile",Not available,Other/Unknown,CNCF TAG Security Catalog,https://sansec.io/research/polyfill-supply-chain-attack,Chinese company acquired domains; malware served from CDN; Cloudflare and Fastly offered replacements,T1195.002 + T1189 + T1071.001,Supply Chain Compromise: Compromise Software Supply Chain; Drive-by Compromise; Application Layer Protocol: Web Protocols,"After the polyfill.io domain and GitHub account changed hands, the new operator served conditionally malicious JavaScript from cdn.polyfill.io that redirected mobile users to scam and betting sites while evading admin/devtools sessions.",cdn.polyfill[.]io responses varying by user agent; injected redirects to googie-anaiytics[.]com and similar typosquat domains; delayed mobile-only redirects; Cloudflare/Namecheap intervention notices,Malicious dynamically served polyfill JavaScript; googie-anaiytics[.]com redirect infrastructure,Researcher disclosure - Sansec published analysis after community warnings about the domain sale,~4 months from domain acquisition (February 2024) to confirmed malicious injection reporting (June 2024),Partial,"Third-party script trust - production sites loading executable code from a remote CDN they did not control, with no SRI or self-hosting",PCI DSS 4.0 script-integrity requirements implicated for ecommerce sites; Google ad warnings to affected merchants,Mitigation by switching to Fastly/Cloudflare mirrors or self-hosted polyfills; Cloudflare auto-rewrote links,Malicious code injection / user redirection,"Over 100,000 websites - including major ecommerce and government sites - unknowingly served malicious script to visitors, triggering emergency removal of the dependency and renewed enforcement of subresource integrity."
2024-12-02,Solana Web3.js malicious code injection,Software Supply Chain,Cryptocurrency/Blockchain,Account takeover; Code injection; Malicious package,Cybercriminal / Financially motivated,NPM @solana/web3.js; 400K weekly downloads; 51M total downloads; crypto bots and dapps,"~$130,000",Opportunistic,CNCF TAG Security Catalog,https://www.reversinglabs.com/blog/malware-found-in-solana-npm-library-with-50m-downloads,Malicious versions 1.95.6/1.95.7 exfiltrated private keys; active for ~6 hours,T1195.001 + T1078 + T1552.001,Supply Chain Compromise: Compromise Software Dependencies and Development Tools; Valid Accounts; Unsecured Credentials: Credentials In Files,A phishing-driven takeover of an npm publish account allowed release of @solana/web3.js 1.95.6 and 1.95.7 containing an addToQueue backdoor that exfiltrated private keys through a fake CloudFlare header to an attacker server.,Versions 1.95.6/1.95.7 only; 'addToQueue' function sending keys via an X-Cloudflare-* style header to sol-rpc[.]xyz; unauthorized transfers from bot/backend wallets,Backdoored @solana/web3.js 1.95.6/1.95.7; sol-rpc[.]xyz exfiltration endpoint,Third-party security research and maintainer investigation after community reports of drained wallets,~5 hours of exposure window; publicly confirmed within about a day,Yes,Publish-account security for a critical blockchain SDK - phishable credentials with unrestricted publish rights,Not reported (project advisory; affected projects notified),Malicious versions deprecated and 1.95.8 released within hours; affected operators rotated keys and moved funds,Financial fraud,"An SDK with ~400,000 weekly downloads leaked private keys from server-side bots and custodial services, with roughly $130,000 in crypto stolen before the window closed."
2025-03-14,tj-actions/changed-files GitHub Action compromise,Software Supply Chain,CI/CD/Developer Tools,CI/CD compromise; Credential compromise; Tag retagging,Unknown / Not attributed,"GitHub Actions; 23,000+ repositories; CI runner credentials exposed in build logs",Not available,Other/Unknown,Public reporting (CVE-2025-30066),https://www.bleepingcomputer.com/news/security/popular-github-action-tj-actions-changed-files-is-compromised/,Compromised bot account PAT; 350+ version tags retagged to malicious commit; credentials dumped to public logs,T1195.002 + T1552.001 + T1078 + T1195,Supply Chain Compromise: Compromise Software Supply Chain; Unsecured Credentials: Credentials In Files; Valid Accounts; Tag retagging of a mutable Git reference,"After compromising a bot personal access token (originally via the reviewdog/action-setup action), the attacker retagged all version tags of tj-actions/changed-files to a malicious commit that dumped CI runner memory and printed secrets into public workflow logs.",All tj-actions/changed-files tags pointing to one unexpected commit; workflow logs containing double-base64-encoded secrets; outbound fetch of a gist-hosted Python memory-dump script; CVE-2025-30066,Malicious changed-files commit; memory-scraping Python payload hosted in a GitHub gist; compromised reviewdog/action-setup as upstream vector,Third-party security research - StepSecurity and Wiz detected anomalous network calls from CI runners and public log leakage,~2 days (malicious retag 2025-03-14; public detection and GitHub takedown 2025-03-15/16),Yes,"CI/CD dependency pinning - referencing mutable Git tags instead of immutable commit SHAs, plus over-privileged bot tokens",CISA KEV listing for CVE-2025-30066; GitHub advisory; downstream customer notifications,"GitHub removed the action, maintainers rotated the PAT and republished clean tags; affected repos rotated leaked secrets",Credential theft,"More than 23,000 repositories referenced the action and roughly 200 leaked secrets into public logs, driving an industry-wide move to SHA-pinned GitHub Actions and least-privilege workflow tokens."
2025-08-01,Salesloft/Drift OAuth token compromise,Software Supply Chain,Sales/Marketing Software,OAuth token compromise; Credential compromise,Unknown / Not attributed,"Salesloft; Drift; 700+ organizations; CRM, cloud, collaboration, email systems",Not available,Other/Unknown,Public reporting,https://cyberint.com/blog/research/recent-supply-chain-attacks-examined/,OAuth refresh tokens compromised; no direct credentials or malware required,T1078 + T1550.001 + T1552,Valid Accounts; Use Alternate Authentication Material: Application Access Token; Valid Accounts; Unsecured Credentials,"Attacker leveraged oauth token compromise; credential compromise against Salesloft/Drift OAuth token compromise to insert or execute unauthorized code in the victim's software supply chain; actor profile: Unknown / Not attributed. Mapped to T1078, T1550.001, T1552 based on the reported vector.",logins/publishes from unfamiliar IPs or geographies; new API tokens or app credentials,Not publicly detailed,Internal monitoring,Unknown,Unknown,OAuth token scope and lifecycle management; Credential management,Not reported,Unknown,Credential theft,"Credential theft affecting Salesloft; Drift; 700+ organizations; CRM, cloud, collaboration, email systems; no public financial figure. Downstream effect flowed through the compromised component to dependent organizations and users."
2025-09-08,NPM chalk/debug + 17 packages compromise (Great NPM Heist),Software Supply Chain,Open Source/Package Registry,Phishing; Account takeover; Code injection; Malicious package,Cybercriminal / Financially motivated,"NPM; chalk, debug, 17+ packages; 2B+ combined weekly downloads; crypto wallet hijacking",Minimal (2-hour live window); rapid community detection,Opportunistic,Public reporting,https://intel.threadlinqs.com/threat/TL-2026-1714,Phishing from fake npmjs.help domain; 2FA intercepted; crypto transaction hijacking in browser context,T1195.001 + T1566.002 + T1111 + T1557,Supply Chain Compromise: Compromise Software Dependencies and Development Tools; Phishing: Spearphishing Link; Multi-Factor Authentication Interception; Adversary-in-the-Middle,"A phishing email from a look-alike npmjs support domain harvested maintainer credentials and 2FA/TOTP codes, letting the attacker publish trojanized versions of chalk, debug, ansi-styles and 15+ other packages containing a browser-side crypto clipper that silently swapped wallet addresses in window.ethereum and Solana transactions.",Publishes from an unusual IP shortly after a support-themed phishing email from npmjs[.]help; obfuscated 'checkethereumw' function injected into bundled JS; wallet-address substitution using Levenshtein-similar attacker addresses,Trojanized chalk/debug/ansi-styles/color-convert npm versions; browser crypto-clipper payload,"Community/vendor detection - developers and security vendors (Aikido, Socket, Wiz) flagged anomalous releases within roughly two hours",~2 hours from malicious publish to public detection and package removal,Yes,Maintainer account security and publish authorization - phishable TOTP-based 2FA rather than phishing-resistant keys or trusted publishing,Not reported (npm/GitHub security advisories; ecosystem-wide notification),Rapid version yanking and republication of clean releases; lockfile pinning let most consumers avoid the bad versions,Financial fraud,"Packages with over 2 billion weekly downloads combined were briefly poisoned, prompting mass lockfile audits and CI rebuilds across the JavaScript ecosystem, though actual crypto theft was limited to a few hundred dollars because detection was fast."
2025-11-21,Shai-Hulud 2.0 npm worm,Software Supply Chain,Open Source/Package Registry,Self-propagating worm; Account takeover; Preinstall execution,Cybercriminal / Financially motivated,"25,000+ GitHub repositories; hundreds of maintainers; 100M+ combined monthly downloads; Zapier, ENS Domains, PostHog, Postman",Not available,Opportunistic,Public reporting,https://securityboulevard.com/2026/07/the-7-biggest-supply-chain-attacks-of-2026/,Self-propagating npm worm; preinstall execution; fake Bun runtime disguise; blockchain-based C2,T1195.001 + T1552.001 + T1078.004 + T1567.001 + T1053,Supply Chain Compromise: Compromise Software Dependencies and Development Tools; Unsecured Credentials: Credentials In Files; Valid Accounts: Cloud Accounts; Exfiltration to Code Repository; Scheduled Task/Job,"The second-generation Shai-Hulud worm ran on npm preinstall, harvested npm/GitHub/cloud tokens with TruffleHog-style scanning, published itself into every package the stolen maintainer token could reach and pushed stolen secrets to public GitHub repositories, adding destructive behavior when no token was found.",preinstall scripts invoking bundled setup_bun.js/bun_environment.js; new public GitHub repos containing secrets with Shai-Hulud branding; unexpected package versions published under many maintainers within minutes; GitHub Actions workflow injection,Shai-Hulud 2.0 npm worm ('The Second Coming'); TruffleHog-based credential scanner; Bun-based loader,"Third-party security research plus registry telemetry - vendors (Wiz, Aikido, Socket, HelixGuard) and GitHub detected mass anomalous publishes",Hours (rapid worm propagation detected the same day it began spreading),Yes,"Lifecycle script execution and token scope - npm install-time code execution combined with long-lived, broadly scoped publish tokens",Not reported (npm/GitHub advisories; mandatory token revocation and trusted-publishing rollout),"Ecosystem response was mass token revocation, version unpublishing and lockfile pinning; some victims restored repos from Git history",Credential theft,"Hundreds of npm packages across major vendors were republished with worm code, leaking tens of thousands of developer and cloud secrets and accelerating npm's shift to trusted publishing and short-lived tokens."
2025-12-24,Trust Wallet Chrome extension hack,Software Supply Chain,Cryptocurrency/Browser Extensions,Account takeover; Code injection; Credential compromise,Cybercriminal / Financially motivated,"Trust Wallet; ~2,500 wallets; Chrome Web Store users","$8,500,000",Opportunistic,Public reporting,https://securityboulevard.com/2026/07/the-7-biggest-supply-chain-attacks-of-2026/,Credentials stolen via Shai-Hulud; trojanized extension v2.68 published; wallet seed phrases captured,T1195.002 + T1556 + T1539 + T1552.001,Supply Chain Compromise: Compromise Software Supply Chain; Modify Authentication Process; Steal Web Session Cookie; Unsecured Credentials: Credentials In Files,"Attackers pushed a trojanized build of the Trust Wallet browser extension through the compromised publishing pipeline, which exfiltrated seed phrases and private keys and rewrote transaction destinations, draining user wallets.",Unexpected extension version update outside the normal release cadence; outbound POSTs of encrypted key material from the extension; unauthorized outbound transfers from many wallets in a short window,Trojanized Trust Wallet extension build; wallet-drainer JavaScript payload,Customer complaints of unauthorized transfers plus blockchain analysts tracing a common drainer address,Hours to days (detected after user funds began moving),Partial,Extension release/publishing pipeline integrity and code-signing review for a high-value crypto client,Not reported (user notifications and reimbursement commitments; law-enforcement referrals),Extension pulled and rolled back to a verified build; users instructed to migrate to new seed phrases,Financial fraud,"Roughly $8.5M in user crypto assets was stolen through a single trusted wallet extension update, damaging confidence in browser-extension custody and forcing emergency seed-phrase migration guidance."
2026-03-01,Trivy/CanisterWorm npm self-propagating attack,Software Supply Chain,Security Tools/Open Source,Self-propagating worm; Account takeover; Malicious package,Cybercriminal / Financially motivated,Trivy vulnerability scanner; 47 npm packages; thousands of downloads,Not available,Opportunistic,Public reporting,https://securityboulevard.com/2026/07/the-7-biggest-supply-chain-attacks-of-2026/,Self-propagating; ICP canister blockchain-based C2; first documented use of blockchain for malware C2,T1195.001 + T1078,Supply Chain Compromise: Compromise Software Dependencies and Development Tools; Valid Accounts,"Attacker leveraged self-propagating worm; account takeover; malicious package against Trivy/CanisterWorm npm self-propagating attack to insert or execute unauthorized code in the victim's software supply chain; actor profile: Cybercriminal / Financially motivated. Mapped to T1195.001, T1078 based on the reported vector.",newly published or renamed package versions with install-time scripts; outbound connections from build/CI hosts; logins/publishes from unfamiliar IPs or geographies; new API tokens or app credentials,"Malicious registry package with install-time script (payload varies: infostealer, backdoor, cryptominer)",Third-party security research,Unknown,Unknown,Package registry verification; Install-time script execution and token scope; Credential management / account security,Not reported,Unknown,Malicious code injection,Malicious code injection affecting Trivy vulnerability scanner; 47 npm packages; thousands of downloads; no public financial figure. Downstream effect flowed through the compromised component to dependent organizations and users.
2026-03-09,AppsFlyer SDK crypto wallet swap,Software Supply Chain,Mobile/Web Analytics,CDN compromise; Code injection,Cybercriminal / Financially motivated,"AppsFlyer; 100,000+ web and mobile applications; 48-hour compromise window",Not available,Opportunistic,Public reporting,https://securityboulevard.com/2026/07/the-7-biggest-supply-chain-attacks-of-2026/,AppsFlyer Web SDK modified on CDN to intercept and swap crypto wallet addresses; legitimate analytics continued,T1195.002 + T1189 + T1565.002,Supply Chain Compromise: Compromise Software Supply Chain; Drive-by Compromise; Data Manipulation: Transmitted Data Manipulation,Attackers modified the AppsFlyer analytics SDK delivered from the vendor's CDN so that applications embedding it silently substituted attacker-controlled crypto wallet addresses in transaction flows.,Unexpected change in CDN-hosted SDK bundle hash; wallet address mismatch between UI and signed transaction; anomalous outbound calls from the analytics SDK,Trojanized AppsFlyer SDK bundle; wallet-swap (clipper) payload,Third-party security research and customer reports of mismatched wallet addresses,Days (detected after wallet-swap reports surfaced),Partial,CDN and third-party SDK integrity - no subresource integrity or signed-artifact verification on a dynamically delivered analytics bundle,Not reported (vendor advisory and customer notification),Vendor reverted the CDN artifact to a verified build and rotated distribution credentials,Financial fraud,"Consumer applications embedding a mainstream analytics SDK became crypto-theft vectors for their own users, forcing emergency SDK version pinning and integrity checks across mobile and web publishers."
2026-07-11,Jscrambler npm package compromise,Software Supply Chain,Security Software/Open Source,Account takeover; Malicious package; Code injection,Cybercriminal / Financially motivated,"Jscrambler; npm users; cloud credentials, CI tokens, browser sessions, crypto wallets targeted",Not available,Opportunistic,Public reporting,https://securityboulevard.com/2026/07/the-7-biggest-supply-chain-attacks-of-2026/,Hijacked publishing credential; preinstall hook dropped cross-platform infostealer,T1195.001 + T1078 + T1059,Supply Chain Compromise: Compromise Software Dependencies and Development Tools; Valid Accounts; Command and Scripting Interpreter,"Attacker leveraged account takeover; malicious package; code injection against Jscrambler npm package compromise to insert or execute unauthorized code in the victim's software supply chain; actor profile: Cybercriminal / Financially motivated. Mapped to T1195.001, T1078, T1059 based on the reported vector.",newly published or renamed package versions with install-time scripts; outbound connections from build/CI hosts; logins/publishes from unfamiliar IPs or geographies; new API tokens or app credentials; exploit attempts in application logs; unexpected web shells or child processes,"Malicious registry package with install-time script (payload varies: infostealer, backdoor, cryptominer)",Third-party security research,Unknown,Unknown,Package registry verification; Credential management / account security; Code review and artifact integrity,Not reported,Unknown,Credential theft,"Credential theft affecting Jscrambler; npm users; cloud credentials, CI tokens, browser sessions, crypto wallets targeted; no public financial figure. Downstream effect flowed through the compromised component to dependent organizations and users."
2026-07-13,Nichirei cold-chain logistics cyberattack,Physical/Operational Supply Chain,Food/Cold-Chain Logistics,Suspected ransomware/unauthorized server access (vector undisclosed); IT/OT convergence exploited,Unknown / Not attributed,"Nichirei Corporation; Nichirei Logistics (~140 refrigerated distribution centers, ~5,000 customers); KFC Japan; Aeon; Kura Sushi; Nissui; York Benimaru",Not available (financial impact still being assessed as of disclosure),Other/Unknown,Public reporting,https://www.salmonbusiness.com/nichirei-cyberattack-sends-shockwaves-through-japans-food-supply-chain/,"Physical/operational supply chain attack (not software supply chain). Compromise of Japan's largest cold-storage logistics network cascaded to multiple consumer-facing food and retail brands within days; personal data exposure reported to Japan's Personal Information Protection Commission; recovery began July 17, 2026.",T1486 (suspected) + T1190,Data Encrypted for Impact (suspected); Exploit Public-Facing Application,"Unauthorized access to Nichirei group servers disabled the systems coordinating temperature-controlled warehousing and distribution, with indicators consistent with ransomware deployment.",Sudden failure of order-processing and warehouse management systems; unauthorized server access detected; inability to issue shipping instructions,Unconfirmed (suspected ransomware),Internal detection via system failures - operations staff found core logistics systems unavailable,Unknown (impact detected same day as system failures),Unknown,Resilience of centralized logistics IT with no manual fallback for cold-chain scheduling,Japanese personal information protection notification/disclosure obligations under review,Partial manual/phone-and-fax fallback for shipping instructions during restoration,Operational shutdown,"Frozen and chilled food distribution to supermarkets, convenience stores and restaurants was delayed as cold-chain ordering and warehouse systems went offline, cascading into downstream retail stockouts."
